Molecule ID,AB,,AC,,AD,,AE,
,Bit (-1),Frequency (-1),Bit (-1),Frequency (-1),Bit (-1),Frequency (-1),Bit (-1),Frequency (-1)
791,792,335052,792,14800,792,12840,792,1640
1916,1917,334536,1917,14356,1917,15466,1917,2035
0,1,330252,1,11872,1,11008,1,1760
1082,1083,324800,1083,16100,1083,15318,1083,1564
1154,1155,318150,1155,11088,1155,12390,1155,1302
7,8,313484,8,9750,8,10050,8,1375
1084,1085,311190,1085,13596,1085,13167,1085,1584
545,546,299128,546,10983,546,10584,546,1281
2,3,297882,3,11362,3,11518,3,1404
2038,2039,296439,2039,10900,2039,11250,2039,1650
1989,1990,292644,1990,16168,1990,15050,1990,1462
1862,1863,291942,1863,14450,1863,15742,1863,1632
1218,1219,289990,1219,15694,1219,15352,1219,1748
1555,1556,287000,1556,10179,1556,10647,1556,1677
805,806,277263,806,11424,806,10800,806,1488
18,19,269892,19,9870,19,10353,19,1407
1722,1723,264438,1723,7684,1723,7990,1723,969
1849,1850,263662,1850,12012,1850,11648,1850,1690
5,6,256861,6,10143,6,11711,6,1274
645,646,256540,646,14883,646,15114,646,1683
856,857,256389,857,10450,857,11325,857,725
597,598,254009,598,11070,598,11111,598,1927
1372,1373,249991,1373,7820,1373,8160,1373,1054
50,51,222292,51,12432,51,13664,51,1876
1914,1915,221972,1915,6318,1915,6487,1915,871
17,18,221920,18,9200,18,9088,18,1024
1394,1395,220990,1395,10100,1395,10540,1395,1380
790,791,216664,791,9036,791,8910,791,1116
821,822,214666,822,8106,822,7980,822,896
1931,1932,210862,1932,8128,1932,8672,1932,1104
1378,1379,208400,1379,10298,1379,10260,1379,1501
533,534,203830,534,10020,534,11080,534,1380
441,442,201334,442,9861,442,10070,442,1197
690,691,200896,691,6444,691,5904,691,864
1033,1034,200718,1034,8240,1034,8144,1034,992
2040,2041,200552,2041,10792,2041,10811,2041,1178
1338,1339,198790,1339,8976,1339,9072,1339,1152
223,224,197290,224,12840,224,11952,224,1752
803,804,197288,804,10700,804,10680,804,1200
1667,1668,194238,1668,7462,1668,7238,1668,1036
778,779,193695,779,7950,779,8085,779,1110
2043,2044,190624,2044,6136,2044,6383,2044,819
427,428,188760,428,8100,428,8910,428,1026
1487,1488,186600,1488,6684,1488,6780,1488,852
965,966,184983,966,9712,966,9296,966,1136
396,397,177592,397,7046,397,7423,397,806
1216,1217,177292,1217,8823,1217,9214,1217,884
4,5,177270,5,8466,5,9265,5,1037
834,835,173383,835,6890,835,7020,835,754
1736,1737,172463,1737,6456,1737,6444,1737,864
1885,1886,172064,1886,6540,1886,6408,1886,780
625,626,169940,626,7896,626,7574,626,980
823,824,168462,824,6380,824,6468,824,770
589,590,166380,590,4851,590,5004,590,639
2039,2040,164994,2040,6825,2040,6305,2040,1495
1848,1849,163877,1849,4216,1849,4232,1849,568
820,821,163413,821,4568,821,4720,821,584
1144,1145,162624,1145,5770,1145,5880,1145,710
1222,1223,161745,1223,4102,1223,4193,1223,560
1007,1008,160744,1008,5698,1008,6017,1008,627
1730,1731,159664,1731,7020,1731,6864,1731,696
836,837,159333,837,10540,837,10660,837,1360
1299,1300,159000,1300,10134,1300,9972,1300,1080
1008,1009,155955,1009,7644,1009,7553,1009,962
1172,1173,155397,1173,2192,1173,2136,1173,288
807,808,154530,808,5300,808,5420,808,750
1808,1809,148444,1809,5328,1809,5436,1809,720
1056,1057,146410,1057,2284,1057,2348,1057,316
1388,1389,145858,1389,4624,1389,4696,1389,576
293,294,145800,294,10062,294,10368,294,1080
1219,1220,145507,1220,7188,1220,7236,1220,924
825,826,145159,826,4568,826,4504,826,608
1484,1485,144904,1485,4688,1485,4776,1485,616
79,80,144716,80,5973,80,6270,80,792
2033,2034,143676,2034,5852,2034,6193,2034,836
1875,1876,142340,1876,7904,1876,7813,1876,962
1777,1778,136746,1778,4840,1778,4856,1778,536
502,503,132680,503,6140,503,6200,503,800
1924,1925,132297,1925,3801,1925,3864,1925,518
1234,1235,130248,1235,4912,1235,4928,1235,592
1751,1752,129986,1752,7092,1752,7068,1752,852
655,656,129860,656,5910,656,5760,656,670
804,805,129574,805,3010,805,3040,805,300
660,661,129096,661,7188,661,7008,661,924
1113,1114,127058,1114,7644,1114,8190,1114,924
975,976,126228,976,4186,976,4305,976,532
15,16,125454,16,7410,16,7319,16,988
1752,1753,124354,1753,7200,1753,7176,1753,852
467,468,124028,468,5337,468,5283,468,675
514,515,123646,515,4792,515,4872,515,536
1389,1390,123579,1390,2915,1390,3000,1390,395
205,206,123520,206,4928,206,5008,206,584
1477,1478,122610,1478,8092,1478,8274,1478,854
981,982,121824,982,3702,982,3738,982,474
231,232,121545,232,5929,232,6116,232,649
1606,1607,121485,1607,6468,1607,6512,1607,803
1982,1983,119952,1983,5337,1983,5544,1983,738
1878,1879,118770,1879,4305,1879,4186,1879,574
417,418,117066,418,3678,418,3714,418,468
949,950,116460,950,6100,950,6130,950,720
259,260,116112,260,4333,260,4298,260,518
838,839,114885,839,6292,839,6270,839,594
232,233,114873,233,4832,233,4800,233,592
670,671,114023,671,4904,671,4856,671,640
475,476,113826,476,4025,476,4109,476,532
1671,1672,111800,1672,5920,1672,5940,1672,810
124,125,109343,125,4151,125,4249,125,546
1289,1290,108876,1290,7296,1290,7236,1290,948
1357,1358,108500,1358,6677,1358,6413,1358,671
1098,1099,108329,1099,5328,1099,5400,1099,702
1047,1048,107910,1048,4319,1048,4326,1048,532
1719,1720,107536,1720,1764,1720,1815,1720,222
1679,1680,106848,1680,6040,1680,5880,1680,790
713,714,106468,714,3558,714,3636,714,462
1623,1624,106436,1624,2995,1624,3040,1624,380
1949,1950,106108,1950,2456,1950,2464,1950,296
1465,1466,105700,1466,4004,1466,4228,1466,511
1641,1642,105417,1642,4936,1642,4928,1642,648
492,493,104809,493,3105,493,3160,493,410
1437,1438,103656,1438,3962,1438,4277,1438,539
927,928,103108,928,4592,928,4856,928,640
123,124,102648,124,5490,124,5436,124,711
501,502,102204,502,1246,502,1270,502,166
1419,1420,101088,1420,5418,1420,5427,1420,675
697,698,100082,698,4696,698,4808,698,552
1152,1153,99909,1153,2488,1153,2504,1153,312
1913,1914,98436,1914,4752,1914,4768,1914,632
1070,1071,98340,1071,5064,1071,5064,1071,616
222,223,98282,223,3558,223,3582,223,468
1402,1403,97050,1403,3020,1403,3095,1403,395
151,152,96672,152,1204,152,1200,152,140
1656,1657,96600,1657,3570,1657,3552,1657,480
322,323,96187,323,2975,323,2955,323,360
197,198,95700,198,3726,198,3660,198,456
1294,1295,95062,1295,5930,1295,6110,1295,640
10,11,94950,11,4640,11,4560,11,592
1498,1499,94572,1499,3150,1499,3160,1499,385
1927,1928,94227,1928,5463,1928,5409,1928,684
1370,1371,94024,1371,3135,1371,3140,1371,335
801,802,93775,802,4784,802,4792,802,576
576,577,92710,577,3630,577,3648,577,408
1673,1674,91932,1674,6050,1674,6000,1674,780
766,767,91218,767,5016,767,4992,767,608
1703,1704,91060,1704,4249,1704,4284,1704,497
216,217,90663,217,0,217,0,217,0
31,32,90576,32,636,32,635,32,80
8,9,90528,9,2456,9,2512,9,328
714,715,90390,715,3165,715,3155,715,400
363,364,90146,364,4298,364,4326,364,553
1329,1330,89460,1330,4235,1330,4235,1330,518
277,278,89232,278,1899,278,1926,278,243
1208,1209,89180,1209,2448,1209,2452,1209,320
430,431,88689,431,6622,431,6842,431,726
1707,1708,88672,1708,1863,1708,1863,1708,237
1441,1442,88543,1442,3672,1442,3774,1442,420
484,485,88536,485,2496,485,2404,485,244
1010,1011,88264,1011,2464,1011,2432,1011,324
950,951,87817,951,4832,951,4944,951,552
1153,1154,87720,1154,1827,1154,1836,1154,204
1221,1222,87636,1222,2464,1222,2464,1222,328
1840,1841,86849,1841,3720,1841,3780,1841,480
1348,1349,86840,1349,4403,1349,4417,1349,581
1987,1988,86698,1988,3600,1988,3762,1988,408
1593,1594,86051,1594,606,1594,606,1594,81
2015,2016,85656,2016,2500,2016,2528,2016,324
1385,1386,85346,1386,4888,1386,4984,1386,616
131,132,85281,132,1839,132,1866,132,240
1272,1273,85272,1273,3969,1273,4249,1273,546
1067,1068,85150,1068,1896,1068,1890,1068,225
921,922,84736,922,3165,922,3195,922,410
1215,1216,83720,1216,1857,1216,1887,1216,213
1680,1681,83394,1681,5000,1681,5128,1681,648
885,886,83214,886,3075,886,3070,886,390
147,148,82908,148,5562,148,5499,148,684
806,807,82890,807,2820,807,2940,807,370
1665,1666,82782,1666,4319,1666,4326,1666,490
2022,2023,82304,2023,2448,2023,2504,2023,316
1193,1194,81750,1194,623,1194,633,1194,77
415,416,81500,416,2464,416,2484,416,320
1346,1347,80892,1347,4389,1347,4368,1347,560
1245,1246,80223,1246,3000,1246,3170,1246,415
1003,1004,80104,1004,4368,1004,4438,1004,574
756,757,80000,757,3150,757,3130,757,405
602,603,79800,603,2516,603,2472,603,296
789,790,79788,790,3065,790,3030,790,405
554,555,79779,555,1794,555,1773,555,231
298,299,79704,299,4424,299,4396,299,441
1769,1770,79690,1770,2995,1770,3080,1770,395
1948,1949,79484,1949,4382,1949,4298,1949,581
626,627,78824,627,3185,627,3180,627,405
1145,1146,78720,1146,3672,1146,3714,1146,462
565,566,78650,566,3080,566,3000,566,375
266,267,78470,267,3780,267,3756,267,432
1504,1505,78116,1505,3065,1505,3095,1505,410
604,605,77682,605,3672,605,3720,605,462
1086,1087,76874,1087,1872,1087,1842,1087,222
46,47,76636,47,3110,47,3115,47,395
1285,1286,76590,1286,3105,1286,3175,1286,385
1260,1261,76517,1261,2544,1261,2552,1261,272
332,333,76049,333,1920,333,1917,333,237
1697,1698,75785,1698,2536,1698,2548,1698,328
1850,1851,75710,1851,1917,1851,1929,1851,237
1981,1982,75591,1982,2540,1982,2536,1982,324
498,499,75354,499,4396,499,4291,499,567
2005,2006,75284,2006,3090,2006,3095,2006,400
1731,1732,75231,1732,1857,1732,1875,1732,225
1677,1678,75152,1678,4438,1678,4459,1678,553
769,770,75126,770,1256,770,1252,770,154
1478,1479,75052,1479,4256,1479,4305,1479,574
919,920,74936,920,2436,920,2464,920,324
788,789,74703,789,1869,789,1773,789,240
1761,1762,74693,1762,1875,1762,1896,1762,240
1805,1806,74635,1806,3140,1806,3160,1806,400
905,906,74222,906,4263,906,4333,906,455
1925,1926,73472,1926,2452,1926,2420,1926,316
400,401,73416,401,2464,401,2428,401,300
1705,1706,73357,1706,2492,1706,2496,1706,328
619,620,73224,620,1932,620,1944,620,249
1597,1598,73074,1598,4944,1598,4992,1598,592
37,38,72270,38,5562,38,5706,38,612
1111,1112,72036,1112,3200,1112,3250,1112,410
1708,1709,71722,1709,3702,1709,3738,1709,486
1052,1053,71656,1053,4410,1053,4403,1053,574
792,793,71020,793,3170,793,3110,793,410
718,719,70727,719,3090,719,3135,719,390
770,771,70513,771,2456,771,2448,771,300
1554,1555,70455,1555,2512,1555,2508,1555,332
552,553,70406,553,1878,553,1860,553,222
933,934,70224,934,5553,934,5598,934,693
116,117,70200,117,4368,117,4361,117,532
900,901,70192,901,1869,901,1908,901,246
826,827,69978,827,2520,827,2516,827,324
1102,1103,69960,1103,4277,1103,4277,1103,518
870,871,69854,871,2548,871,2520,871,316
1921,1922,69642,1922,4424,1922,4487,1922,525
812,813,69628,813,3852,813,3804,813,498
466,467,69112,467,2488,467,2544,467,320
1978,1979,68801,1979,3756,1979,3732,1979,456
692,693,68646,693,0,693,0,693,0
497,498,68495,498,3120,498,3130,498,410
727,728,68328,728,5072,728,5144,728,600
937,938,68175,938,3750,938,3738,938,498
1016,1017,68074,1017,1908,1017,1899,1017,243
1269,1270,68034,1270,3165,1270,3180,1270,385
564,565,67774,565,2472,565,2520,565,320
313,314,67734,314,3130,314,3145,314,405
941,942,67266,942,1893,942,1905,942,246
1753,1754,67259,1754,3125,1754,3075,1754,410
1881,1882,67200,1882,2596,1882,2588,1882,332
1888,1889,67089,1889,4896,1889,4944,1889,648
1149,1150,67000,1150,638,1150,636,1150,83
1263,1264,66963,1264,3160,1264,3135,1264,405
230,231,66950,231,1851,231,1863,231,228
1442,1443,66761,1443,1248,1443,1278,1443,136
1277,1278,66761,1278,1857,1278,1872,1278,231
265,266,66504,266,3170,266,3215,266,400
1232,1233,66346,1233,1276,1233,1294,1233,158
974,975,66248,975,3744,975,3792,975,486
357,358,66132,358,2532,358,2544,358,332
132,133,66033,133,635,133,635,133,81
19,20,65954,20,5553,20,5598,20,702
1836,1837,65892,1837,1815,1837,1851,1837,213
715,716,65758,716,1270,716,1278,716,162
1393,1394,65736,1394,3774,1394,3810,1394,480
1742,1743,65650,1743,4312,1743,4256,1743,567
861,862,65600,862,1818,862,1926,862,243
1050,1051,65464,1051,3110,1051,3095,1051,405
1354,1355,65241,1355,1899,1355,1920,1355,240
2016,2017,65091,2017,2310,2017,2450,2017,630
1956,1957,65072,1957,3744,1957,3750,1957,498
1135,1136,64992,1136,3205,1136,3195,1136,405
199,200,64778,200,1911,200,1917,200,243
1363,1364,64320,1364,4944,1364,5128,1364,600
539,540,64224,540,1917,540,1902,540,246
1451,1452,63935,1452,2548,1452,2552,1452,332
1905,1906,63840,1906,3798,1906,3834,1906,456
1672,1673,63826,1673,3170,1673,3225,1673,395
1637,1638,63745,1638,1917,1638,1926,1638,249
986,987,63657,987,3714,987,3696,987,462
1328,1329,63519,1329,645,1329,648,1329,81
2017,2018,63360,2018,3738,2018,3750,2018,480
1392,1393,63147,1393,3245,1393,3230,1393,410
550,551,62886,551,2512,551,2396,551,328
1270,1271,62682,1271,3155,1271,3195,1271,410
426,427,62605,427,3798,427,3834,427,444
819,820,62496,820,4382,820,4445,820,581
648,649,62304,649,0,649,0,649,0
1002,1003,62274,1003,1845,1003,1875,1003,246
241,242,62008,242,1276,242,1292,242,162
1937,1938,61516,1938,1890,1938,1902,1938,243
316,317,61364,317,4396,317,4368,317,497
1123,1124,61334,1124,1878,1124,1893,1124,243
1781,1782,61180,1782,2496,1782,2532,1782,312
431,432,61088,432,4403,432,4270,432,574
1767,1768,60788,1768,1920,1768,1905,1768,249
549,550,60697,550,4417,550,4333,550,567
1552,1553,60570,1553,1274,1553,1270,1553,162
665,666,60352,666,2428,666,2464,666,320
1796,1797,60300,1797,3170,1797,3105,1797,405
898,899,60151,899,1890,899,1908,899,192
73,74,60104,74,3170,74,3245,74,410
1684,1685,60075,1685,3828,1685,3852,1685,486
800,801,60075,801,2556,801,2556,801,328
2028,2029,59897,2029,3798,2029,3816,2029,486
1089,1090,59752,1090,1280,1090,1280,1090,164
758,759,59541,759,4473,759,4522,759,553
487,488,59541,488,1920,488,1920,488,249
997,998,59340,998,4960,998,4936,998,592
1253,1254,59220,1254,1854,1254,1902,1254,246
342,343,59220,343,1857,343,1881,343,234
1119,1120,59160,1120,3185,1120,3210,1120,415
2034,2035,59096,2035,1268,2035,1252,2035,162
1631,1632,59059,1632,1248,1632,1256,1632,144
275,276,59048,276,2560,276,2568,276,312
1449,1450,59048,1450,3185,1450,3165,1450,370
1150,1151,59040,1151,2512,1151,2536,1151,308
1835,1836,58968,1836,4270,1836,4193,1836,546
1947,1948,58877,1948,1266,1948,1274,1948,162
1273,1274,58860,1274,3720,1274,3618,1274,486
307,308,58696,308,1252,308,1268,308,156
531,532,58680,532,1262,532,1280,532,164
641,642,58651,642,3090,642,3160,642,400
947,948,58520,948,3120,948,3110,948,410
1841,1842,58520,1842,1935,1842,1941,1842,246
969,970,58473,970,1893,970,1938,970,234
402,403,58464,403,3180,403,3130,403,415
1374,1375,58168,1375,1248,1375,1252,1375,156
1546,1547,58116,1547,1905,1547,1911,1547,243
1785,1786,58050,1786,1908,1786,1845,1786,249
1368,1369,58029,1369,3870,1369,3912,1369,492
488,489,57992,489,1884,489,1881,489,240
284,285,57939,285,2536,285,2540,285,320
1358,1359,57904,1359,2568,1359,2528,1359,316
747,748,57816,748,3075,748,3075,748,400
1874,1875,57800,1875,3185,1875,3165,1875,405
1071,1072,57672,1072,2512,1072,2496,1072,300
742,743,57405,743,1887,743,1890,743,228
773,774,57288,774,4368,774,4417,774,567
682,683,57120,683,1929,683,1911,683,246
556,557,57036,557,3205,557,3215,557,405
166,167,56950,167,3816,167,3852,167,462
594,595,56938,595,2560,595,2588,595,332
470,471,56936,471,1278,471,1274,471,134
527,528,56780,528,2528,528,2512,528,320
21,22,56700,22,3190,22,3165,22,410
738,739,56700,739,1288,739,1272,739,156
875,876,56695,876,1268,876,1280,876,164
1559,1560,56674,1560,2516,1560,2540,1560,280
1587,1588,56588,1588,1884,1588,1905,1588,228
511,512,56448,512,3822,512,3864,512,498
1803,1804,56158,1804,3145,1804,3190,1804,400
1720,1721,56028,1721,1863,1721,1869,1721,210
704,705,56028,705,1905,705,1911,705,234
995,996,56025,996,1284,996,1292,996,152
387,388,56015,388,3125,388,3105,388,405
983,984,56015,984,644,984,641,984,82
1959,1960,56015,1960,1917,1960,1902,1960,246
1014,1015,55900,1015,1890,1015,1884,1015,234
16,17,55860,17,1218,17,1272,17,166
1383,1384,55842,1384,3240,1384,3235,1384,405
864,865,55760,865,1938,865,1950,865,240
1556,1557,55693,1557,1272,1557,1266,1557,164
1868,1869,55678,1869,2576,1869,2572,1869,332
1274,1275,55642,1275,1866,1275,1917,1275,237
570,571,55514,571,637,571,639,571,77
6,7,55432,7,1944,7,1947,7,237
1058,1059,55361,1059,3145,1059,3185,1059,350
961,962,55278,962,3160,962,3110,962,415
1613,1614,55278,1614,3140,1614,3120,1614,380
971,972,55126,972,602,972,622,972,80
1906,1907,55080,1907,1890,1907,1911,1907,246
705,706,54936,706,2548,706,2548,706,312
536,537,54858,537,625,537,630,537,82
1256,1257,54837,1257,2564,1257,2540,1257,316
85,86,54837,86,1902,86,1911,86,246
667,668,54684,668,1851,668,1899,668,234
337,338,54600,338,4277,338,4361,338,476
1933,1934,54594,1934,1296,1934,1294,1934,166
1042,1043,54560,1043,1280,1043,1284,1043,166
647,648,54432,648,1260,648,1260,648,166
203,204,54240,204,3822,204,3786,204,492
1640,1641,54145,1641,3065,1641,3065,1641,380
2024,2025,54000,2025,2556,2025,2592,2025,328
909,910,53920,910,636,910,642,910,81
575,576,53710,576,1228,576,1232,576,158
344,345,53703,345,0,345,0,345,0
1020,1021,53664,1021,651,1021,653,1021,81
1344,1345,53483,1345,1252,1345,1268,1345,166
1856,1857,53379,1857,1264,1857,1290,1857,164
71,72,53167,72,1917,72,1917,72,246
796,797,53120,797,3185,797,3175,797,355
78,79,53118,79,4438,79,4431,79,567
1995,1996,53053,1996,2596,1996,2608,1996,332
1663,1664,53040,1664,2488,1664,2512,1664,316
1583,1584,52880,1584,2825,1584,3100,1584,390
1544,1545,52812,1545,1911,1545,1935,1545,249
1675,1676,52800,1676,1272,1676,1288,1676,140
194,195,52650,195,1914,195,1887,195,243
2008,2009,52456,2009,1902,2009,1899,2009,249
746,747,52400,747,3155,747,3130,747,400
276,277,52338,277,3195,277,3210,277,410
1695,1696,52320,1696,643,1696,646,1696,78
61,62,52288,62,0,62,0,62,0
729,730,52104,730,2560,730,2584,730,324
1022,1023,52052,1023,2544,1023,2556,1023,328
379,380,52000,380,1887,380,1908,380,240
1178,1179,51975,1179,1282,1179,1288,1179,166
1335,1336,51903,1336,0,1336,0,1336,0
723,724,51898,724,1911,724,1902,724,249
45,46,51821,46,2516,46,2524,46,332
557,558,51756,558,1917,558,1932,558,249
815,816,51744,816,3195,816,3200,816,410
1366,1367,51744,1367,1863,1367,1938,1367,249
1974,1975,51714,1975,2572,1975,2576,1975,316
1040,1041,51590,1041,1908,1041,1890,1041,243
1176,1177,51587,1177,2528,1177,2552,1177,300
1384,1385,51587,1385,3828,1385,3840,1385,426
1359,1360,51376,1360,623,1360,643,1360,82
948,949,51282,949,3810,949,3792,949,480
1077,1078,51225,1078,0,1078,0,1078,0
1782,1783,51075,1783,1300,1783,1310,1783,160
173,174,50996,174,1280,174,1292,174,164
1521,1522,50974,1522,2508,1522,2544,1522,332
886,887,50920,887,3225,887,3220,887,410
1903,1904,50897,1904,2448,1904,2556,1904,324
1638,1639,50844,1639,2500,1639,2512,1639,320
401,402,50844,402,2544,402,2572,402,328
760,761,50820,761,1896,761,1893,761,240
163,164,50775,164,1268,164,1272,164,160
1205,1206,50700,1206,622,1206,637,1206,81
977,978,50700,978,1920,978,1941,978,240
542,543,50666,543,2484,543,2524,543,308
765,766,50616,766,3130,766,3165,766,415
1379,1380,50540,1380,1288,1380,1306,1380,160
637,638,50475,638,629,638,637,638,80
1343,1344,50400,1344,3170,1344,3215,1344,375
699,700,50325,700,1270,700,1292,700,160
142,143,50098,143,1290,143,1288,143,166
1516,1517,50050,1517,3624,1517,3804,1517,384
1162,1163,49950,1163,1911,1163,1881,1163,249
1199,1200,49876,1200,3210,1200,3175,1200,410
225,226,49800,226,1893,226,1869,226,240
1,2,49756,2,1064,2,1368,2,304
182,183,49728,183,0,183,0,183,0
509,510,49654,510,639,510,642,510,83
696,697,49494,697,2572,697,2536,697,324
998,999,49421,999,1902,999,1905,999,249
538,539,49421,539,1278,539,1282,539,162
2013,2014,49358,2014,3175,2014,3195,2014,390
535,536,49358,536,1935,536,1938,536,240
1109,1110,49324,1110,1911,1110,1935,1110,249
1861,1862,49280,1862,1260,1862,1262,1862,166
674,675,49136,675,1280,675,1288,675,156
1030,1031,49129,1031,2560,1031,2548,1031,316
1297,1298,49032,1298,1899,1298,1899,1298,237
640,641,48983,641,3200,641,3200,641,405
1968,1969,48910,1969,1268,1969,1286,1969,138
1340,1341,48618,1341,1896,1341,1911,1341,231
1955,1956,48618,1956,2540,1956,2564,1956,312
824,825,48528,825,642,825,652,825,82
1506,1507,48528,1507,1290,1507,1282,1507,160
1345,1346,48525,1346,1875,1346,1890,1346,243
1275,1276,48396,1276,2508,1276,2532,1276,280
1718,1719,48326,1719,1923,1719,1941,1719,222
572,573,48312,573,1911,573,1908,573,249
1869,1870,48240,1870,1893,1870,1887,1870,237
651,652,48240,652,1932,652,1932,652,246
1756,1757,48168,1757,635,1757,639,1757,71
448,449,48024,449,1264,449,1288,449,164
3,4,48020,4,1752,4,1460,4,438
1828,1829,47996,1829,2568,1829,2584,1829,320
1159,1160,47880,1160,2564,1160,2580,1160,324
1823,1824,47854,1824,1887,1824,1911,1824,246
1268,1269,47810,1269,1298,1269,1306,1269,164
2025,2026,47810,2026,1294,2026,1294,2026,166
103,104,47740,104,3220,104,3215,104,415
270,271,47530,271,1935,271,1947,271,249
1184,1185,47530,1185,3085,1185,3150,1185,405
302,303,47460,303,1284,303,1280,303,166
721,722,47376,722,1935,722,1902,722,240
494,495,47376,495,2460,495,2432,495,328
1503,1504,47357,1504,1286,1504,1296,1504,164
1543,1544,47232,1544,1893,1544,1905,1544,243
1643,1644,47215,1644,646,1644,648,1644,83
1930,1931,47215,1931,4382,1931,4368,1931,560
1600,1601,47180,1601,2528,1601,2560,1601,324
1413,1414,47127,1414,3245,1414,3245,1414,410
465,466,47058,466,1935,466,1944,466,219
1773,1774,46900,1774,3786,1774,3822,1774,498
1768,1769,46900,1769,625,1769,636,1769,71
473,474,46860,474,629,474,630,474,83
908,909,46851,909,1926,909,1899,909,249
350,351,46851,351,4529,351,4508,351,546
1845,1846,46830,1846,1917,1846,1923,1846,234
1258,1259,46760,1259,1899,1259,1923,1259,243
1255,1256,46760,1256,638,1256,638,1256,78
1919,1920,46718,1920,1278,1920,1230,1920,162
1741,1742,46690,1742,3684,1742,3780,1742,486
110,111,46620,111,1908,111,1935,111,216
2035,2036,46576,2036,645,2036,646,2036,79
712,713,46575,713,635,713,645,713,83
113,114,46575,114,632,114,636,114,83
1661,1662,46434,1662,1893,1662,1923,1662,249
635,636,46376,636,1926,636,1929,636,249
414,415,46376,415,1280,415,1290,415,162
1197,1198,46368,1198,3145,1198,3120,1198,415
126,127,46368,127,1238,127,1268,127,162
234,235,46368,235,638,235,643,235,82
1783,1784,46240,1784,3180,1784,3165,1784,385
991,992,46240,992,3798,992,3804,992,474
2045,2046,46200,2046,3828,2046,3858,2046,432
621,622,46172,622,1294,622,1280,622,156
569,570,46161,570,1280,570,1278,570,160
787,788,46092,788,1935,788,1914,788,240
1147,1148,46080,1148,2532,1148,2508,1148,328
1452,1453,45990,1453,0,1453,0,1453,0
1080,1081,45885,1081,3220,1081,3225,1081,405
802,803,45885,803,2588,803,2588,803,312
1550,1551,45880,1551,2572,1551,2580,1551,324
186,187,45832,187,2584,187,2600,187,316
1969,1970,45828,1970,4536,1970,4550,1970,581
1789,1790,45828,1790,2600,1790,2600,1790,332
854,855,45696,855,1288,855,1296,855,162
1709,1710,45696,1710,1890,1710,1893,1710,228
634,635,45653,635,0,635,0,635,0
574,575,45627,575,1302,575,1312,575,162
181,182,45560,182,633,182,632,182,78
1786,1787,45402,1787,1278,1787,1294,1787,158
20,21,45359,21,1911,21,1905,21,234
1755,1756,45359,1756,3180,1756,3195,1756,360
1775,1776,45333,1776,1881,1776,1812,1776,210
585,586,45158,586,1935,586,1920,586,234
1013,1014,45091,1014,1878,1014,1947,1014,240
1944,1945,45024,1945,1935,1945,1968,1945,243
1992,1993,45012,1993,1926,1993,1926,1993,249
44,45,44890,45,3822,45,3840,45,486
1186,1187,44823,1187,1266,1187,1286,1187,162
1412,1413,44812,1413,3744,1413,3804,1413,474
304,305,44756,305,1288,305,1294,305,164
334,335,44748,335,2572,335,2584,335,324
1116,1117,44682,1117,1929,1117,1938,1117,237
1313,1314,44616,1314,1905,1314,1941,1314,243
321,322,44550,322,643,322,639,322,80
1225,1226,44484,1226,1294,1226,1304,1226,162
1351,1352,44404,1352,2484,1352,2564,1352,268
603,604,44352,604,2568,604,2536,604,328
1180,1181,44265,1181,0,1181,0,1181,0
1825,1826,44220,1826,1266,1826,1284,1826,156
348,349,44220,349,2508,349,2544,349,324
1012,1013,44220,1013,635,1013,623,1013,79
149,150,44220,150,1920,150,1911,150,234
1645,1646,44154,1646,2548,1646,2560,1646,268
808,809,44135,809,1923,809,1935,809,243
1880,1881,44088,1881,1278,1881,1294,1881,162
1986,1987,44070,1987,2596,1987,2612,1987,320
221,222,43904,222,1312,222,1312,222,166
935,936,43875,936,1274,936,1244,936,164
1129,1130,43758,1130,1923,1130,1950,1130,234
1482,1483,43680,1483,1869,1483,1932,1483,246
1090,1091,43615,1091,1911,1091,1911,1091,240
793,794,43584,794,2572,794,2588,794,312
1140,1141,43456,1141,1905,1141,1926,1141,246
2003,2004,43428,2004,1905,2004,1911,2004,246
897,898,43420,898,621,898,641,898,83
395,396,43392,396,1288,396,1274,396,166
953,954,43392,954,1935,954,1947,954,249
389,390,43392,390,634,390,643,390,81
754,755,43328,755,1920,755,1932,755,246
1502,1503,43328,1503,1270,1503,1280,1503,166
1744,1745,43230,1745,1872,1745,1902,1745,234
646,647,43225,647,1908,647,1914,647,243
1633,1634,43218,1634,1304,1634,1310,1634,166
339,340,43200,340,2592,340,2584,340,332
1415,1416,43200,1416,1286,1416,1288,1416,164
1811,1812,43160,1812,1256,1812,1248,1812,162
1105,1106,43155,1106,1290,1106,1300,1106,164
1444,1445,43155,1445,648,1445,653,1445,83
1165,1166,43136,1166,1262,1166,1280,1166,166
1428,1429,43095,1429,2536,1429,2556,1429,296
1501,1502,43072,1502,637,1502,645,1502,79
1791,1792,43072,1792,2528,1792,2548,1792,332
68,69,43029,69,2584,69,2592,69,332
1983,1984,42966,1984,2548,1984,2560,1984,316
551,552,42966,552,645,552,642,552,82
134,135,42944,135,2556,135,2584,135,308
411,412,42903,412,3245,412,3260,412,415
1943,1944,42880,1944,1911,1944,1926,1944,249
1821,1822,42880,1822,1264,1822,1266,1822,140
393,394,42816,394,1284,394,1284,394,166
490,491,42688,491,3205,491,3190,491,405
894,895,42510,895,1260,895,1294,895,166
672,673,42496,673,639,673,639,673,79
1177,1178,42470,1178,1294,1178,1298,1178,166
862,863,42470,863,0,863,0,863,0
1212,1213,42411,1213,1276,1213,1264,1213,164
743,744,42304,744,1899,744,1935,744,204
857,858,42284,858,647,858,651,858,83
873,874,42273,874,1935,874,1956,874,243
440,441,42222,441,1899,441,1923,441,249
268,269,42222,269,2588,269,2588,269,332
1475,1476,42160,1476,1288,1476,1302,1476,166
421,422,42098,422,1266,422,1282,422,162
1411,1412,42098,1412,1926,1412,1926,1412,234
1763,1764,42098,1764,1938,1764,1944,1764,246
33,34,42098,34,1908,34,1908,34,249
1203,1204,42098,1204,1280,1204,1292,1204,158
1961,1962,42021,1962,1244,1962,1262,1962,158
1130,1131,41974,1131,2576,1131,2604,1131,328
1713,1714,41958,1714,2532,1714,2596,1714,328
678,679,41912,679,646,679,645,679,83
893,894,41785,894,0,894,0,894,0
297,298,41778,298,3852,298,3828,298,474
1898,1899,41769,1899,1270,1899,1272,1899,164
1017,1018,41706,1018,1923,1018,1938,1018,249
1377,1378,41664,1378,1932,1378,1935,1378,231
100,101,41663,101,2580,101,2568,101,332
906,907,41663,907,1923,907,1950,907,246
289,290,41643,290,645,290,645,290,81
763,764,41602,764,642,764,643,764,81
140,141,41602,141,1296,141,1296,141,164
227,228,41602,228,630,228,640,228,83
274,275,41541,275,1938,275,1947,275,246
314,315,41541,315,2568,315,2568,315,328
320,321,41540,321,634,321,638,321,78
1251,1252,41540,1252,1294,1252,1288,1252,154
1265,1266,41478,1266,1294,1266,1302,1266,166
571,572,41354,572,648,572,639,572,80
1136,1137,41297,1137,1920,1137,1956,1137,249
83,84,41297,84,1908,84,1890,84,243
240,241,41168,241,2560,241,2588,241,316
1053,1054,41100,1054,652,1054,652,1054,83
125,126,40992,126,635,126,617,126,83
1455,1456,40931,1456,637,1456,639,1456,81
843,844,40920,844,1292,844,1296,844,166
1312,1313,40870,1313,645,1313,637,1313,83
1220,1221,40800,1221,643,1221,636,1221,83
476,477,40800,477,1290,477,1298,477,152
115,116,40748,116,1917,116,1920,116,249
1066,1067,40734,1067,1881,1067,1926,1067,228
724,725,40680,725,3816,725,3834,725,498
338,339,40620,339,1944,339,1950,339,234
1686,1687,40504,1687,1941,1687,1959,1687,243
1179,1180,40500,1180,1911,1180,1926,1180,228
1288,1289,40500,1289,640,1289,642,1289,81
1780,1781,40500,1781,1292,1781,1300,1781,166
404,405,40500,405,646,405,645,405,83
1046,1047,40415,1047,2604,1047,2608,1047,332
1727,1728,40320,1728,628,1728,638,1728,81
1404,1405,40320,1405,1284,1405,1282,1405,158
500,501,40320,501,1938,501,1944,501,234
1204,1205,40300,1205,1794,1205,1848,1205,189
1540,1541,40297,1541,645,1541,651,1541,83
982,983,40260,983,2572,983,2588,983,320
1158,1159,40238,1159,641,1159,639,1159,82
1594,1595,40179,1595,1282,1595,1292,1595,144
1122,1123,40140,1123,1932,1123,1938,1123,237
1515,1516,40140,1516,1288,1516,1304,1516,162
2009,2010,40120,2010,643,2010,647,2010,79
799,800,40080,800,2540,800,2572,800,328
544,545,40080,545,1268,545,1270,545,150
1660,1661,40061,1661,642,1661,644,1661,83
512,513,40020,513,1938,513,1962,513,246
439,440,39955,440,1905,440,1926,440,207
81,82,39900,82,1266,82,1286,82,160
220,221,39884,221,1288,221,1282,221,162
24,25,39884,25,0,25,0,25,0
1814,1815,39825,1815,0,1815,0,1815,0
499,500,39825,500,3210,500,3215,500,405
1764,1765,39672,1765,1932,1765,1926,1765,249
1065,1066,39648,1066,1274,1066,1282,1066,158
29,30,39648,30,3245,30,3275,30,415
480,481,39614,481,1280,481,1270,481,166
267,268,39556,268,645,268,641,268,82
1519,1520,39498,1520,1282,1520,1292,1520,154
1710,1711,39471,1711,2544,1711,2572,1711,320
1620,1621,39471,1621,1938,1621,1944,1621,249
1214,1215,39467,1215,2540,1215,2540,1215,324
1181,1182,39420,1182,0,1182,0,1182,0
1133,1134,39382,1134,1929,1134,1938,1134,249
668,669,39324,669,0,669,0,669,0
1132,1133,39324,1133,1292,1133,1288,1133,164
698,699,39273,699,1312,699,1304,699,166
717,718,39266,718,1929,718,1938,718,243
1565,1566,39235,1566,1896,1566,1929,1566,195
1784,1785,39235,1785,2532,1785,2512,1785,264
2044,2045,39235,2045,1244,2045,1282,2045,164
1395,1396,39216,1396,1294,1396,1314,1396,162
1542,1543,39216,1543,2516,1543,2576,1543,332
679,680,39208,680,627,680,642,680,82
1352,1353,39176,1353,1274,1353,1288,1353,150
1026,1027,39150,1027,3205,1027,3190,1027,405
1399,1400,39045,1400,1272,1400,1282,1400,166
145,146,39034,146,0,146,0,146,0
312,313,38976,313,1270,313,1274,313,162
386,387,38940,387,2540,387,2556,387,320
437,438,38881,438,1905,438,1926,438,246
938,939,38802,939,1274,939,1294,939,166
1108,1109,38760,1109,1296,1109,1302,1109,166
888,889,38760,889,3840,889,3846,889,480
1207,1208,38744,1208,1908,1208,1944,1208,240
1400,1401,38584,1401,0,1401,0,1401,0
308,309,38570,309,1929,309,1908,309,246
187,188,38532,188,2516,188,2552,188,292
1589,1590,38532,1590,646,1590,648,1590,83
1724,1725,38532,1725,2544,1725,2552,1725,308
2004,2005,38532,2005,639,2005,641,2005,79
89,90,38472,90,0,90,0,90,0
1837,1838,38454,1838,643,1838,644,1838,79
681,682,38418,682,1282,682,1264,682,144
842,843,38418,843,644,843,648,843,83
774,775,38409,775,2492,775,2556,775,304
434,435,38360,435,2548,435,2588,435,332
1471,1472,38338,1472,1926,1472,1926,1472,249
884,885,38304,885,1296,885,1292,885,166
1774,1775,38304,1775,2588,1775,2508,1775,324
1651,1652,38304,1652,1290,1652,1308,1652,156
109,110,38232,110,1274,110,1290,110,154
60,61,38136,61,2532,61,2544,61,332
722,723,38136,723,0,723,0,723,0
1134,1135,38100,1135,2564,1135,2540,1135,272
642,643,37990,643,2568,643,2572,643,328
1468,1469,37968,1469,1306,1469,1300,1469,162
1493,1494,37968,1494,1920,1494,1929,1494,249
171,172,37950,172,652,172,658,172,82
728,729,37912,729,1920,729,1887,729,249
518,519,37912,519,2544,519,2584,519,332
1895,1896,37912,1896,1947,1896,1953,1896,234
482,483,37912,483,0,483,0,483,0
1970,1971,37744,1971,3822,1971,3852,1971,474
329,330,37734,330,1250,330,1266,330,166
1189,1190,37700,1190,1911,1190,1926,1190,213
1326,1327,37688,1327,1290,1327,1292,1327,156
892,893,37688,893,2548,893,2552,893,292
1766,1767,37520,1767,1935,1767,1947,1767,246
306,307,37520,307,1935,307,1941,307,246
931,932,37510,932,1929,932,1941,932,249
262,263,37510,263,648,263,650,263,79
1479,1480,37510,1480,647,1480,651,1480,75
403,404,37464,404,1290,404,1308,404,164
1055,1056,37464,1056,1896,1056,1935,1056,246
119,120,37455,120,649,120,657,120,80
711,712,37455,712,1941,712,1953,712,246
1950,1951,37408,1951,1899,1951,1917,1951,210
1407,1408,37400,1408,638,1408,639,1408,83
1453,1454,37345,1454,2600,1454,2588,1454,320
2029,2030,37345,2030,1932,2030,1941,2030,249
1830,1831,37345,1831,1296,1831,1310,1831,166
707,708,37290,708,1288,708,1292,708,160
264,265,37235,265,1284,265,1282,265,162
371,372,37180,372,1298,372,1302,372,160
1993,1994,37180,1994,1288,1994,1300,1994,158
114,115,37180,115,1268,115,1272,115,160
1034,1035,37125,1035,634,1035,643,1035,81
364,365,37070,365,0,365,0,365,0
1566,1567,36993,1567,1282,1567,1278,1567,160
725,726,36960,726,1302,726,1300,726,160
1728,1729,36936,1729,1304,1729,1308,1729,164
1309,1310,36882,1310,1292,1310,1296,1310,156
1095,1096,36828,1096,648,1096,652,1096,81
1337,1338,36828,1338,3180,1338,3200,1338,405
1456,1457,36774,1457,3225,1457,3225,1457,385
1023,1024,36740,1024,0,1024,0,1024,0
32,33,36740,33,2544,33,2556,33,328
887,888,36720,888,2580,888,2592,888,320
1887,1888,36720,1888,2560,1888,2580,1888,316
1802,1803,36720,1803,1935,1803,1947,1803,246
1562,1563,36666,1563,1278,1563,1284,1563,162
442,443,36630,443,2592,443,2592,443,328
1099,1100,36612,1100,2568,1100,2600,1100,316
1233,1234,36612,1234,3205,1234,3245,1234,415
374,375,36612,375,0,375,0,375,0
1668,1669,36612,1669,1288,1669,1284,1669,166
70,71,36612,71,635,71,638,71,75
1946,1947,36575,1947,0,1947,0,1947,0
252,253,36558,253,1286,253,1296,253,162
1511,1512,36558,1512,1298,1512,1306,1512,166
1460,1461,36504,1461,1292,1461,1292,1461,164
1951,1952,36504,1952,1944,1952,1947,1952,243
1492,1493,36464,1493,652,1493,655,1493,82
309,310,36410,310,1288,310,1270,310,164
528,529,36396,529,638,529,637,529,70
644,645,36358,645,655,645,652,645,83
1817,1818,36355,1818,1250,1818,1310,1818,166
1356,1357,36252,1357,1294,1357,1292,1357,166
945,946,36234,946,1887,946,1923,946,237
2032,2033,36234,2033,1296,2033,1298,2033,164
1431,1432,36199,1432,1791,1432,1938,1432,246
601,602,36199,602,1284,602,1294,602,162
1911,1912,36180,1912,2528,1912,2560,1912,304
547,548,36180,548,645,548,627,548,82
1832,1833,36146,1833,2588,1833,2576,1833,328
340,341,36135,341,3744,341,3654,341,498
1476,1477,36135,1477,3816,1477,3822,1477,498
1693,1694,36093,1694,1938,1694,1947,1694,246
1629,1630,36025,1630,1272,1630,1236,1630,142
410,411,35987,411,1292,411,1276,411,162
412,413,35934,413,648,413,651,413,83
695,696,35934,696,1950,696,1935,696,237
1423,1424,35881,1424,1944,1424,1968,1424,246
546,547,35881,547,641,547,640,547,82
1864,1865,35828,1865,1292,1865,1276,1865,166
96,97,35828,97,1288,97,1292,97,164
1526,1527,35828,1527,2572,1527,2556,1527,308
347,348,35802,348,632,348,638,348,80
82,83,35775,83,3190,83,3200,83,405
1804,1805,35775,1805,1932,1805,1941,1805,249
323,324,35669,324,3165,324,3210,324,410
1644,1645,35620,1645,1932,1645,1938,1645,213
1206,1207,35616,1207,1272,1207,1284,1207,164
9,10,35616,10,1286,10,1292,10,142
1882,1883,35563,1883,1860,1883,1902,1883,243
578,579,35516,579,2580,579,2600,579,332
1336,1337,35510,1337,1290,1337,1294,1337,162
1894,1895,35510,1895,2548,1895,2564,1895,328
1486,1487,35464,1487,2580,1487,2600,1487,332
1131,1132,35412,1132,0,1132,0,1132,0
1240,1241,35404,1241,3175,1241,3180,1241,385
1375,1376,35360,1376,1932,1376,1941,1376,246
1191,1192,35360,1192,3250,1192,3255,1192,405
761,762,35308,762,1272,762,1288,762,142
360,361,35308,361,2580,361,2572,361,316
772,773,35308,773,2532,773,2616,773,332
1459,1460,35298,1460,1896,1460,1920,1460,240
1866,1867,35256,1867,1944,1867,1947,1867,246
1001,1002,35204,1002,2596,1002,2612,1002,320
454,455,35152,455,638,455,645,455,83
261,262,35048,262,1920,262,1923,262,234
1228,1229,35033,1229,638,1229,643,1229,83
1711,1712,34996,1712,2560,1712,2576,1712,332
318,319,34986,319,1300,319,1306,319,164
1298,1299,34986,1299,0,1299,0,1299,0
1408,1409,34980,1409,1890,1409,1944,1409,234
43,44,34944,44,1282,44,1302,44,164
1522,1523,34892,1523,640,1523,639,1523,82
1360,1361,34892,1361,641,1361,653,1361,81
1528,1529,34892,1529,1298,1529,1304,1529,152
850,851,34884,851,650,851,629,851,83
932,933,34840,933,648,933,648,933,83
822,823,34833,823,1258,823,1284,823,162
1509,1510,34736,1510,1917,1510,1920,1510,243
1518,1519,34731,1519,1294,1519,1298,1519,164
591,592,34680,592,0,592,0,592,0
683,684,34578,684,1266,684,1278,684,162
1563,1564,34578,1564,1282,1564,1284,1564,156
188,189,34476,189,1914,189,1953,189,234
560,561,34476,561,1929,561,1926,561,234
84,85,34425,85,1290,85,1296,85,164
573,574,34350,574,0,574,0,574,0
994,995,34323,995,1244,995,1262,995,156
966,967,34323,967,637,967,638,967,80
474,475,34323,475,1875,475,1884,475,237
1103,1104,34250,1104,1304,1104,1312,1104,166
595,596,34221,596,1887,596,1920,596,240
703,704,34221,704,1941,704,1935,704,249
620,621,34200,621,1300,621,1306,621,166
378,379,34200,379,645,379,645,379,83
464,465,34164,465,3105,465,3210,465,395
1200,1201,34150,1201,1290,1201,1294,1201,158
503,504,34150,504,1926,504,1947,504,237
256,257,34119,257,646,257,641,257,83
409,410,34119,410,1280,410,1286,410,150
759,760,34119,760,2532,760,2544,760,332
1685,1686,34100,1686,1935,1686,1953,1686,243
1083,1084,34068,1084,3185,1084,3230,1084,345
141,142,34050,142,1292,142,1304,142,166
2020,2021,34000,2021,1294,2021,1290,2021,166
1246,1247,34000,1247,647,1247,649,1247,78
863,864,34000,864,1290,864,1284,864,164
463,464,34000,464,637,464,645,464,76
1195,1196,33966,1196,1276,1196,1274,1196,164
1282,1283,33956,1283,641,1283,645,1283,78
1560,1561,33950,1561,642,1561,646,1561,81
612,613,33950,613,648,613,641,613,83
1904,1905,33950,1905,1292,1905,1302,1905,164
833,834,33900,834,1941,834,1938,834,243
734,735,33900,735,643,735,647,735,78
1470,1471,33864,1471,0,1471,0,1471,0
1138,1139,33800,1139,1926,1139,1953,1139,240
1306,1307,33762,1307,1278,1307,1290,1307,166
206,207,33761,207,1300,207,1300,207,166
251,252,33750,252,0,252,0,252,0
317,318,33663,318,1274,318,1298,318,164
11,12,33663,12,1956,12,1959,12,249
1333,1334,33663,1334,648,1334,648,1334,83
1538,1539,33650,1539,1932,1539,1938,1539,234
1480,1481,33600,1481,1944,1481,1953,1481,249
1876,1877,33600,1877,1944,1877,1956,1877,249
1317,1318,33565,1318,2552,1318,2580,1318,324
1146,1147,33500,1147,2500,1147,2576,1147,288
1316,1317,33467,1317,1290,1317,1294,1317,164
1820,1821,33467,1821,1284,1821,1300,1821,158
901,902,33418,902,1286,902,1294,902,162
907,908,33418,908,1944,908,1938,908,246
445,446,33418,446,1274,446,1290,446,164
184,185,33400,185,0,185,0,185,0
911,912,33369,912,1935,912,1923,912,249
1009,1010,33369,1010,2576,1010,2592,1010,332
299,300,33369,300,645,300,643,300,80
1754,1755,33369,1755,1920,1755,1938,1755,240
1870,1871,33320,1871,1944,1871,1953,1871,243
1896,1897,33320,1897,0,1897,0,1897,0
1106,1107,33271,1107,1938,1107,1938,1107,237
1798,1799,33271,1799,635,1799,645,1799,82
331,332,33271,332,1296,332,1284,332,166
362,363,33271,363,2592,363,2612,363,316
519,520,33222,520,649,520,643,520,80
1426,1427,33124,1427,1947,1427,1872,1427,249
613,614,33100,614,2955,614,3195,614,390
1666,1667,33100,1667,622,1667,625,1667,83
416,417,33075,417,2560,417,2580,417,320
1512,1513,33075,1513,1926,1513,1926,1513,243
523,524,33026,524,1270,524,1310,524,156
453,454,32977,454,1890,454,1914,454,237
1128,1129,32977,1129,2572,1129,2612,1129,332
1497,1498,32950,1498,2568,1498,2536,1498,320
1851,1852,32928,1852,642,1852,647,1852,82
1115,1116,32928,1116,1908,1116,1941,1116,234
954,955,32928,955,1956,955,1971,955,249
413,414,32832,414,645,414,643,414,83
1350,1351,32784,1351,1926,1351,1935,1351,237
1899,1900,32784,1900,642,1900,640,1900,80
811,812,32736,812,1935,812,1947,812,246
869,870,32736,870,648,870,647,870,82
1296,1297,32736,1297,1298,1297,1302,1297,164
1966,1967,32732,1967,2576,1967,2592,1967,320
979,980,32688,980,0,980,0,980,0
926,927,32688,927,1288,927,1292,927,166
345,346,32683,346,645,346,647,346,75
388,389,32650,389,1917,389,1932,389,240
849,850,32640,850,649,850,651,850,83
700,701,32640,701,643,701,645,701,78
654,655,32640,655,636,655,641,655,82
643,644,32600,644,626,644,627,644,79
1280,1281,32592,1281,2572,1281,2592,1281,332
1491,1492,32544,1492,1272,1492,1292,1492,162
507,508,32544,508,1266,508,1286,508,160
14,15,32544,15,645,15,641,15,82
1725,1726,32544,1726,1288,1726,1306,1726,164
582,583,32536,583,1248,583,1274,583,162
1327,1328,32536,1328,639,1328,638,1328,77
328,329,32487,329,1284,329,1294,329,160
955,956,32448,956,1296,956,1290,956,162
851,852,32448,852,1278,852,1296,852,164
771,772,32438,772,637,772,631,772,73
1198,1199,32438,1199,1278,1199,1306,1199,154
1628,1629,32400,1629,1296,1629,1308,1629,152
1523,1524,32352,1524,641,1524,626,1524,82
1642,1643,32352,1643,2580,1643,2596,1643,332
913,914,32352,914,633,914,623,914,81
432,433,32304,433,1923,433,1944,433,222
97,98,32256,98,1280,98,1300,98,158
1028,1029,32256,1029,1929,1029,1944,1029,234
1349,1350,32208,1350,1296,1350,1298,1350,138
1036,1037,32148,1037,1908,1037,1947,1037,240
611,612,32101,612,1905,612,1938,612,249
917,918,32101,918,645,918,650,918,80
290,291,32054,291,2580,291,2572,291,332
1531,1532,32054,1532,2564,1532,2584,1532,332
543,544,32007,544,647,544,653,544,82
1922,1923,32007,1923,2592,1923,2592,1923,324
117,118,32007,118,1288,118,1292,118,154
296,297,31960,297,1304,297,1302,297,160
39,40,31960,40,646,40,649,40,82
80,81,31960,81,1941,81,1962,81,243
136,137,31913,137,2576,137,2596,137,332
1634,1635,31866,1635,643,1635,641,1635,81
1041,1042,31866,1042,640,1042,644,1042,72
1740,1741,31819,1741,1278,1741,1284,1741,166
1517,1518,31819,1518,1294,1518,1286,1518,164
1292,1293,31786,1293,650,1293,654,1293,83
1574,1575,31772,1575,1302,1575,1302,1575,164
745,746,31772,746,636,746,641,746,70
1669,1670,31725,1670,1298,1670,1302,1670,160
1988,1989,31631,1989,1284,1989,1290,1989,162
534,535,31631,535,635,535,641,535,82
359,360,31631,360,1929,360,1938,360,225
325,326,31602,326,1902,326,1935,326,243
1362,1363,31584,1363,0,1363,0,1363,0
485,486,31584,486,1288,486,1290,486,164
1021,1022,31556,1022,1890,1022,1947,1022,249
101,102,31537,102,0,102,0,102,0
890,891,31443,891,2560,891,2576,891,312
2037,2038,31418,2038,1302,2038,1254,2038,166
1107,1108,31396,1108,1286,1108,1306,1108,162
1170,1171,31396,1171,650,1171,638,1171,81
960,961,31372,961,0,961,0,961,0
472,473,31349,473,1250,473,1276,473,164
65,66,31326,66,647,66,643,66,83
786,787,31326,787,1941,787,1941,787,240
922,923,31326,923,652,923,649,923,83
1939,1940,31280,1940,1298,1940,1306,1940,166
1469,1470,31248,1470,1268,1470,1302,1470,166
47,48,31234,48,2584,48,2576,48,324
881,882,31234,882,1296,882,1300,882,162
1332,1333,31234,1333,1294,1333,1292,1333,162
752,753,31161,753,1282,753,1278,753,166
1957,1958,31142,1958,1926,1958,1938,1958,246
1617,1618,31142,1618,1284,1618,1286,1618,162
623,624,31142,624,0,624,0,624,0
1797,1798,31142,1798,1929,1798,1896,1798,240
1211,1212,31114,1212,1905,1212,1929,1212,240
1611,1612,31096,1612,649,1612,650,1612,83
1015,1016,31050,1016,647,1016,651,1016,83
375,376,31004,376,1264,376,1274,376,142
1855,1856,30958,1856,641,1856,643,1856,83
422,423,30915,423,1296,423,1300,423,166
1619,1620,30825,1620,1935,1620,1950,1620,249
1537,1538,30825,1538,2600,1538,2620,1538,328
1373,1374,30816,1374,1272,1374,1276,1374,166
22,23,30780,23,3255,23,3270,23,415
1827,1828,30780,1828,2580,1828,2604,1828,328
609,610,30780,610,2588,610,2560,610,332
250,251,30780,251,3220,251,3230,251,410
1168,1169,30735,1169,2536,1169,2604,1169,328
984,985,30690,985,2596,985,2576,985,324
1166,1167,30690,1167,1298,1167,1304,1167,164
380,381,30690,381,0,381,0,381,0
1069,1070,30690,1070,647,1070,638,1070,83
263,264,30682,264,1290,264,1302,264,164
1390,1391,30600,1391,1944,1391,1947,1391,246
628,629,30600,629,1908,629,1926,629,240
600,601,30600,601,1292,601,1302,601,166
1227,1228,30590,1228,3570,1228,3762,1228,474
989,990,30555,990,1917,990,1950,990,240
1590,1591,30544,1591,1935,1591,1938,1591,234
1977,1978,30510,1978,643,1978,643,1978,80
1287,1288,30375,1288,649,1288,643,1288,83
1595,1596,30375,1596,1282,1596,1294,1596,166
1734,1735,30375,1735,1296,1735,1296,1735,160
1962,1963,30240,1963,1286,1963,1278,1963,164
1190,1191,30222,1191,0,1191,0,1191,0
1126,1127,30184,1127,1950,1127,1962,1127,249
1735,1736,30096,1736,0,1736,0,1736,0
1664,1665,30060,1665,3175,1665,3195,1665,415
924,925,30052,925,1298,925,1310,925,162
1330,1331,30052,1331,0,1331,0,1331,0
26,27,30008,27,1270,27,1282,27,158
248,249,30008,249,645,249,644,249,82
57,58,29964,58,1294,58,1306,58,150
720,721,29964,721,637,721,643,721,79
228,229,29964,229,1298,229,1302,229,166
1691,1692,29920,1692,647,1692,650,1692,80
1535,1536,29920,1536,1292,1536,1300,1536,166
420,421,29880,421,1926,421,1947,421,231
1243,1244,29876,1244,1290,1244,1294,1244,158
138,139,29876,139,1935,139,1956,139,249
1900,1901,29832,1901,650,1901,652,1901,80
1689,1690,29788,1690,1920,1690,1920,1690,222
311,312,29788,312,1290,312,1294,312,162
356,357,29788,357,2540,357,2548,357,284
1831,1832,29700,1832,0,1832,0,1832,0
382,383,29700,383,1286,383,1290,383,164
1425,1426,29656,1426,1298,1426,1296,1426,166
1934,1935,29612,1935,1923,1935,1956,1935,246
179,180,29612,180,2568,180,2600,180,280
335,336,29541,336,649,336,654,336,82
254,255,29524,255,1284,255,1292,255,166
1302,1303,29524,1303,1298,1303,1304,1303,150
1450,1451,29455,1451,647,1451,649,1451,83
392,393,29436,393,1294,393,1304,393,166
1072,1073,29436,1073,2596,1073,2600,1073,328
1037,1038,29430,1038,1288,1038,1302,1038,158
1692,1693,29412,1693,649,1693,654,1693,83
1636,1637,29369,1637,648,1637,651,1637,83
1043,1044,29369,1044,1294,1044,1294,1044,166
1750,1751,29369,1751,1944,1751,1950,1751,222
1513,1514,29369,1514,0,1514,0,1514,0
541,542,29348,542,639,542,635,542,82
2046,2047,29326,2047,1290,2047,1288,2047,166
1748,1749,29326,1749,1304,1749,1306,1749,166
580,581,29326,581,1280,581,1286,581,160
1410,1411,29326,1411,1288,1411,1290,1411,164
1605,1606,29326,1606,1304,1606,1308,1606,166
779,780,29283,780,1290,780,1294,780,152
428,429,29283,429,637,429,642,429,83
242,243,29283,243,1294,243,1310,243,162
1097,1098,29283,1098,650,1098,651,1098,82
1717,1718,29283,1718,1284,1718,1290,1718,162
855,856,29283,856,1298,856,1290,856,166
1834,1835,29283,1835,643,1835,649,1835,83
180,181,29216,181,1866,181,1911,181,246
939,940,29197,940,3250,940,3190,940,410
853,854,29197,854,1935,854,1956,854,237
177,178,29197,178,1911,178,1872,178,243
1646,1647,29197,1647,645,1647,656,1647,78
1702,1703,29128,1703,1254,1703,1278,1703,160
496,497,29111,497,634,497,648,497,81
1369,1370,29111,1370,0,1370,0,1370,0
956,957,29111,957,1296,957,1288,957,162
530,531,29068,531,647,531,649,531,81
1398,1399,29068,1399,1932,1399,1941,1399,228
1813,1814,29025,1814,1304,1814,1308,1814,158
1432,1433,28896,1433,0,1433,0,1433,0
735,736,28896,736,642,736,652,736,83
1210,1211,28812,1211,647,1211,653,1211,83
691,692,28770,692,1950,692,1950,692,243
1610,1611,28770,1611,645,1611,651,1611,83
291,292,28728,292,1926,292,1941,292,249
1324,1325,28728,1325,647,1325,652,1325,82
150,151,28728,151,653,151,654,151,82
782,783,28686,783,1294,783,1304,783,166
214,215,28681,215,633,215,641,215,83
526,527,28644,527,608,527,644,527,81
139,140,28644,140,646,140,652,140,83
1290,1291,28644,1291,0,1291,0,1291,0
2011,2012,28644,2012,2560,2012,2572,2012,324
1653,1654,28638,1654,1929,1654,1920,1654,249
405,406,28602,406,1917,406,1929,406,249
816,817,28560,817,1926,817,1932,817,243
1935,1936,28560,1936,0,1936,0,1936,0
1062,1063,28560,1063,2584,1063,2592,1063,320
967,968,28560,968,1300,968,1308,968,166
1561,1562,28518,1562,649,1562,643,1562,82
38,39,28518,39,648,39,648,39,83
1499,1500,28476,1500,1929,1500,1959,1500,240
1079,1080,28476,1080,654,1080,656,1080,80
508,509,28392,509,645,509,628,509,81
767,768,28350,768,1941,768,1884,768,243
1257,1258,28308,1258,1256,1258,1280,1258,148
233,234,28294,234,1274,234,1300,234,156
744,745,28224,745,1280,745,1300,745,154
740,741,28208,741,640,741,653,741,83
419,420,28182,420,1242,420,1274,420,156
726,727,28167,727,1298,727,1306,727,166
478,479,28167,479,1290,479,1302,479,164
1202,1203,28167,1203,649,1203,653,1203,83
757,758,28140,758,2572,758,2600,758,308
702,703,28140,703,639,703,644,703,80
1167,1168,28126,1168,2592,1168,2600,1168,332
688,689,28126,689,1950,689,1953,689,249
62,63,28126,63,0,63,0,63,0
1539,1540,28126,1540,0,1540,0,1540,0
104,105,28044,105,642,105,644,105,80
370,371,28044,371,1292,371,1280,371,166
1958,1959,28003,1959,650,1959,650,1959,79
135,136,28003,136,0,136,0,136,0
406,407,28003,407,649,407,655,407,78
2006,2007,27962,2007,655,2007,658,2007,83
584,585,27962,585,1310,585,1306,585,166
2010,2011,27921,2011,1274,2011,1304,2011,166
2012,2013,27921,2013,0,2013,0,2013,0
1125,1126,27921,1126,1304,1126,1290,1126,164
1174,1175,27921,1175,648,1175,649,1175,82
1954,1955,27921,1955,1959,1955,1968,1955,249
486,487,27880,487,1296,487,1300,487,166
172,173,27880,173,2592,173,2612,173,332
1842,1843,27880,1843,1298,1843,1292,1843,162
942,943,27880,943,0,943,0,943,0
244,245,27880,245,1300,245,1302,245,166
1271,1272,27839,1272,1292,1272,1296,1272,164
1635,1636,27839,1636,1272,1636,1284,1636,166
1737,1738,27839,1738,1282,1738,1302,1738,164
1568,1569,27798,1569,647,1569,648,1569,83
1596,1597,27757,1597,1893,1597,1947,1597,231
399,400,27716,400,1280,400,1300,400,166
846,847,27716,847,642,847,639,847,80
28,29,27716,29,1286,29,1290,29,166
1457,1458,27716,1458,650,1458,654,1458,79
868,869,27675,869,646,869,645,869,77
111,112,27634,112,1290,112,1288,112,166
1795,1796,27634,1796,1284,1796,1294,1796,166
1975,1976,27552,1976,1941,1976,1926,1976,240
218,219,27511,219,0,219,0,219,0
1236,1237,27480,1237,1306,1237,1306,1237,166
1025,1026,27480,1026,654,1026,658,1026,83
1847,1848,27470,1848,639,1848,646,1848,83
460,461,27470,461,1872,461,1947,461,249
282,283,27440,283,645,283,648,283,75
1325,1326,27429,1326,1920,1326,1950,1326,207
848,849,27400,849,1956,849,1959,849,249
376,377,27388,377,1797,377,1932,377,243
458,459,27320,459,1292,459,1298,459,160
1429,1430,27320,1430,1284,1430,1304,1430,166
1602,1603,27320,1603,645,1603,648,1603,71
1860,1861,27320,1861,643,1861,622,1861,80
1304,1305,27280,1305,649,1305,654,1305,78
1553,1554,27280,1554,1292,1554,1294,1554,164
1018,1019,27280,1019,1292,1019,1304,1019,156
1699,1700,27280,1700,1194,1700,1278,1700,166
1759,1760,27200,1760,651,1760,655,1760,79
1853,1854,27200,1854,649,1854,653,1854,83
1436,1437,27142,1437,0,1437,0,1437,0
159,160,27142,160,1270,160,1288,160,156
925,926,27120,926,3215,926,3240,926,410
652,653,27120,653,1300,653,1308,653,162
1064,1065,27120,1065,1947,1065,1959,1065,234
333,334,27080,334,639,334,644,334,78
1045,1046,27060,1046,1848,1046,1905,1046,201
677,678,27000,678,0,678,0,678,0
951,952,27000,952,642,952,648,952,83
510,511,27000,511,1923,511,1944,511,243
1938,1939,26960,1939,2544,1939,2588,1939,312
586,587,26832,587,1935,587,1926,587,234
2021,2022,26800,2022,1872,2022,1932,2022,240
35,36,26800,36,649,36,650,36,82
1252,1253,26793,1253,1286,1253,1292,1253,166
1527,1528,26793,1528,2568,1528,2612,1528,328
366,367,26754,367,3250,367,3240,367,405
928,929,26715,929,1944,929,1947,929,243
2036,2037,26676,2037,652,2037,647,2037,82
1687,1688,26676,1688,2584,1688,2584,1688,324
830,831,26676,831,0,831,0,831,0
1416,1417,26676,1417,1250,1417,1290,1417,166
1339,1340,26637,1340,648,1340,655,1340,83
865,866,26637,866,645,866,645,866,83
1532,1533,26637,1533,649,1533,649,1533,83
1473,1474,26600,1474,1911,1474,1926,1474,246
1788,1789,26598,1789,641,1789,649,1789,82
532,533,26559,533,638,533,650,533,83
1421,1422,26559,1422,1290,1422,1302,1422,166
936,937,26559,937,1292,937,1302,937,162
914,915,26481,915,650,915,651,915,80
992,993,26481,993,2572,993,2604,993,280
764,765,26481,765,1302,765,1292,765,166
1391,1392,26442,1392,0,1392,0,1392,0
1303,1304,26403,1304,2600,1304,2616,1304,292
1529,1530,26403,1530,0,1530,0,1530,0
946,947,26403,947,1286,947,1296,947,150
1382,1383,26364,1383,1280,1383,1286,1383,140
245,246,26286,246,4501,246,4522,246,574
659,660,26286,660,1292,660,1290,660,156
483,484,26286,484,1300,484,1312,484,158
1941,1942,26247,1942,1944,1942,1956,1942,243
1121,1122,26247,1122,1917,1122,1947,1122,237
515,516,26144,516,2600,516,2616,516,304
2002,2003,26106,2003,654,2003,652,2003,83
1405,1406,26091,1406,1938,1406,1953,1406,210
424,425,26068,425,1282,425,1286,425,160
1771,1772,26030,1772,1302,1772,1290,1772,166
1790,1791,26013,1791,650,1791,651,1791,80
831,832,25992,832,1278,832,1306,832,162
69,70,25992,70,2588,70,2620,70,332
310,311,25992,311,0,311,0,311,0
165,166,25992,166,648,166,654,166,83
1266,1267,25992,1267,650,1267,656,1267,79
146,147,25954,147,650,147,653,147,83
809,810,25954,810,644,810,645,810,78
1579,1580,25954,1580,653,1580,655,1580,79
615,616,25935,616,632,616,628,616,82
751,752,25916,752,644,752,648,752,81
1972,1973,25916,1973,1300,1973,1298,1973,164
1779,1780,25916,1780,652,1780,654,1780,82
319,320,25840,320,0,320,0,320,0
1910,1911,25840,1911,1290,1911,1300,1911,160
1185,1186,25840,1186,0,1186,0,1186,0
1857,1858,25764,1858,1292,1858,1290,1858,160
976,977,25701,977,0,977,0,977,0
128,129,25688,129,1298,129,1284,129,166
1217,1218,25688,1218,0,1218,0,1218,0
1334,1335,25650,1335,1278,1335,1284,1335,158
377,378,25650,378,642,378,647,378,82
795,796,25612,796,650,796,654,796,71
1723,1724,25612,1724,2568,1724,2588,1724,324
253,254,25574,254,1282,254,1302,254,140
1655,1656,25536,1656,1246,1656,1256,1656,160
896,897,25498,897,648,897,648,897,80
398,399,25498,399,643,399,645,399,83
200,201,25460,201,1274,201,1300,201,142
468,469,25419,469,652,469,655,469,83
1342,1343,25382,1343,1300,1343,1296,1343,166
25,26,25382,26,1300,26,1306,26,164
86,87,25382,87,647,87,653,87,83
161,162,25382,162,652,162,655,162,80
1049,1050,25345,1050,653,1050,653,1050,82
456,457,25345,457,1950,457,1965,457,243
513,514,25308,514,0,514,0,514,0
1926,1927,25271,1927,0,1927,0,1927,0
1892,1893,25234,1893,644,1893,645,1893,83
1514,1515,25234,1515,1294,1515,1302,1515,160
1364,1365,25234,1365,645,1365,651,1365,83
1464,1465,25200,1465,1300,1465,1292,1465,164
176,177,25197,177,1300,177,1302,177,158
548,549,25197,549,651,549,652,549,83
477,478,25123,478,1956,478,1953,478,246
168,169,25049,169,0,169,0,169,0
2001,2002,25049,2002,636,2002,634,2002,76
963,964,25012,964,640,964,637,964,82
76,77,25012,77,641,77,641,77,81
1630,1631,25012,1631,646,1631,651,1631,71
1201,1202,24975,1202,649,1202,646,1202,83
566,567,24938,567,639,567,650,567,81
1237,1238,24938,1238,635,1238,640,1238,82
878,879,24864,879,1292,879,1304,879,166
1616,1617,24827,1617,1929,1617,1932,1617,246
1701,1702,24827,1702,1288,1702,1278,1702,156
1745,1746,24814,1746,0,1746,0,1746,0
1586,1587,24732,1587,0,1587,0,1587,0
1024,1025,24732,1025,1944,1025,1947,1025,249
1863,1864,24696,1864,0,1864,0,1864,0
736,737,24696,737,1292,737,1300,737,164
785,786,24679,786,0,786,0,786,0
732,733,24660,733,1296,733,1308,733,164
1051,1052,24660,1052,1298,1052,1288,1052,162
330,331,24588,331,643,331,639,331,82
408,409,24588,409,1306,409,1310,409,166
219,220,24588,220,1286,220,1288,220,164
845,846,24588,846,645,846,651,846,81
1295,1296,24588,1296,1292,1296,1296,1296,166
1714,1715,24552,1715,2576,1715,2588,1715,332
1883,1884,24552,1884,1296,1884,1302,1884,164
1235,1236,24552,1236,651,1236,655,1236,82
87,88,24552,88,0,88,0,88,0
1087,1088,24408,1088,2604,1088,2596,1088,332
2026,2027,24408,2027,1266,2027,1298,2027,166
13,14,24408,14,1941,14,1938,14,249
358,359,24408,359,643,359,648,359,82
1169,1170,24372,1170,632,1170,646,1170,78
1696,1697,24346,1697,649,1697,642,1697,83
1059,1060,24336,1060,628,1060,643,1060,79
1700,1701,24336,1701,1947,1701,1962,1701,240
1608,1609,24264,1609,648,1609,645,1609,82
255,256,24156,256,2564,256,2556,256,328
1248,1249,24156,1249,639,1249,640,1249,81
2041,2042,24156,2042,640,2042,652,2042,80
680,681,24150,681,1304,681,1302,681,166
1533,1534,24084,1534,640,1534,642,1534,83
1101,1102,24080,1102,1298,1102,1308,1102,166
1738,1739,24080,1739,1296,1739,1296,1739,164
858,859,24048,859,1905,859,1947,859,243
968,969,24045,969,1306,969,1304,969,166
52,53,24045,53,653,53,653,53,82
394,395,24010,395,1953,395,1971,395,243
1618,1619,24010,1619,1300,1619,1306,1619,166
1110,1111,24010,1111,1950,1111,1944,1111,249
447,448,24010,448,1296,448,1306,448,162
444,445,23975,445,651,445,644,445,83
1142,1143,23940,1143,649,1143,655,1143,83
1403,1404,23940,1404,1304,1404,1302,1404,166
1973,1974,23940,1974,648,1974,641,1974,83
1439,1440,23905,1440,1893,1440,1947,1440,225
457,458,23905,458,1272,458,1314,458,166
1815,1816,23905,1816,0,1816,0,1816,0
23,24,23905,24,1944,24,1956,24,249
1127,1128,23864,1128,2548,1128,2560,1128,320
590,591,23835,591,651,591,652,591,80
1000,1001,23835,1001,2608,1001,2620,1001,328
877,878,23835,878,646,878,648,878,82
567,568,23800,568,652,568,656,568,80
912,913,23796,913,1286,913,1310,913,156
1984,1985,23765,1985,646,1985,646,1985,83
1812,1813,23730,1813,1944,1813,1965,1813,249
685,686,23730,686,649,686,650,686,83
236,237,23695,237,1953,237,1956,237,246
840,841,23695,841,1302,841,1290,841,164
452,453,23660,453,650,453,651,453,80
1510,1511,23625,1511,0,1511,0,1511,0
1068,1069,23590,1069,1941,1069,1965,1069,246
1284,1285,23520,1285,653,1285,647,1285,82
246,247,23460,247,654,247,655,247,81
133,134,23415,134,643,134,646,134,82
1706,1707,23380,1707,628,1707,643,1707,81
51,52,23358,52,649,52,654,52,83
2027,2028,23324,2028,649,2028,654,2028,80
1648,1649,23290,1649,1268,1649,1300,1649,166
608,609,23290,609,649,609,652,609,81
661,662,23290,662,0,662,0,662,0
106,107,23290,107,652,107,654,107,83
361,362,23290,362,1296,362,1304,362,164
1175,1176,23256,1176,1953,1176,1956,1176,249
1355,1356,23256,1356,638,1356,640,1356,78
916,917,23222,917,1308,917,1312,917,160
91,92,23222,92,1953,92,1959,92,246
1549,1550,23222,1550,644,1550,645,1550,82
189,190,23205,190,636,190,637,190,69
923,924,23205,924,1854,924,1905,924,243
739,740,23188,740,649,740,646,740,83
1846,1847,23188,1847,2500,1847,2580,1847,328
1592,1593,23154,1593,1298,1593,1302,1593,166
622,623,23120,623,641,623,651,623,70
610,611,23120,611,0,611,0,611,0
174,175,23120,175,1292,175,1300,175,154
1151,1152,23052,1152,1294,1152,1304,1152,156
841,842,23052,842,0,842,0,842,0
1657,1658,23052,1658,652,1658,650,1658,83
593,594,23018,594,1294,594,1290,594,162
662,663,22984,663,1908,663,1944,663,240
1762,1763,22968,1763,614,1763,624,1763,77
1160,1161,22950,1161,648,1161,652,1161,83
1307,1308,22950,1308,1296,1308,1296,1308,148
1917,1918,22916,1918,1304,1918,1306,1918,166
2014,2015,22916,2015,2596,2015,2596,2015,320
367,368,22882,368,2568,368,2580,368,316
1980,1981,22785,1981,2568,1981,2576,1981,316
1409,1410,22737,1410,1294,1410,1306,1410,166
260,261,22704,261,1938,261,1953,261,240
1575,1576,22671,1576,652,1576,654,1576,80
827,828,22671,828,1298,828,1312,828,166
1463,1464,22638,1464,648,1464,653,1464,83
1048,1049,22638,1049,1947,1049,1956,1049,246
42,43,22638,43,1292,43,1304,43,150
1569,1570,22605,1570,1306,1570,1304,1570,160
1301,1302,22605,1302,650,1302,652,1302,81
1871,1872,22605,1872,0,1872,0,1872,0
75,76,22572,76,0,76,0,76,0
1226,1227,22572,1227,1296,1227,1268,1227,158
1588,1589,22572,1589,1941,1589,1953,1589,246
436,437,22572,437,1300,437,1302,437,164
762,763,22572,763,651,763,653,763,81
1793,1794,22572,1794,648,1794,651,1794,82
1551,1552,22539,1552,1300,1552,1308,1552,158
353,354,22539,354,644,354,650,354,83
243,244,22539,244,1887,244,1950,244,237
1859,1860,22506,1860,1294,1860,1302,1860,160
583,584,22506,584,1935,584,1965,584,249
671,672,22506,672,648,672,653,672,83
1213,1214,22440,1214,0,1214,0,1214,0
1496,1497,22440,1497,1290,1497,1288,1497,166
435,436,22440,436,0,436,0,436,0
944,945,22407,945,1296,945,1308,945,166
880,881,22407,881,645,881,655,881,82
238,239,22374,239,1288,239,1288,239,166
12,13,22341,13,0,13,0,13,0
127,128,22341,128,0,128,0,128,0
1314,1315,22242,1315,642,1315,637,1315,82
279,280,22242,280,0,280,0,280,0
1057,1058,22242,1058,1890,1058,1917,1058,243
1908,1909,22242,1909,648,1909,652,1909,83
1044,1045,22242,1045,641,1045,643,1045,78
1778,1779,22110,1779,1941,1779,1926,1779,243
1006,1007,22048,1007,1310,1007,1308,1007,158
730,731,22048,731,1304,731,1306,731,158
694,695,22016,695,0,695,0,695,0
748,749,22016,749,653,749,648,749,83
67,68,22016,68,0,68,0,68,0
343,344,22016,344,654,344,653,344,83
1005,1006,21952,1006,1310,1006,1308,1006,164
1824,1825,21952,1825,654,1825,653,1825,80
1461,1462,21920,1462,1298,1462,1294,1462,156
1438,1439,21920,1439,645,1439,645,1439,83
1787,1788,21888,1788,1290,1788,1298,1788,164
1367,1368,21888,1368,1304,1368,1308,1368,160
693,694,21888,694,2596,694,2604,694,332
1427,1428,21856,1428,649,1428,656,1428,83
1704,1705,21824,1705,643,1705,655,1705,80
213,214,21824,214,1950,214,1959,214,237
224,225,21760,225,0,225,0,225,0
122,123,21760,123,1965,123,1959,123,246
876,877,21760,877,2588,877,2596,877,332
1318,1319,21760,1319,1298,1319,1306,1319,164
1462,1463,21728,1463,641,1463,645,1463,81
780,781,21728,781,645,781,649,781,78
56,57,21696,57,648,57,652,57,81
1300,1301,21696,1301,0,1301,0,1301,0
1580,1581,21664,1581,1306,1581,1308,1581,166
731,732,21664,732,0,732,0,732,0
1952,1953,21632,1953,1302,1953,1294,1953,164
587,588,21632,588,644,588,639,588,83
1893,1894,21632,1894,646,1894,657,1894,80
1283,1284,21632,1284,636,1284,643,1284,82
1230,1231,21632,1231,645,1231,645,1231,82
53,54,21632,54,2608,54,2552,54,328
860,861,21632,861,1294,861,1294,861,164
828,829,21632,829,649,829,647,829,81
776,777,21600,777,0,777,0,777,0
443,444,21568,444,644,444,654,444,82
160,161,21568,161,0,161,0,161,0
1485,1486,21536,1486,634,1486,642,1486,83
1231,1232,21536,1232,644,1232,653,1232,79
1157,1158,21504,1158,0,1158,0,1158,0
152,153,21504,153,0,153,0,153,0
1567,1568,21390,1568,647,1568,650,1568,82
1322,1323,21344,1323,1250,1323,1286,1323,166
121,122,21328,122,650,122,651,122,83
636,637,21297,637,1290,637,1314,637,166
741,742,21297,742,642,742,651,742,81
1530,1531,21280,1531,646,1531,649,1531,79
719,720,21266,720,651,720,657,720,83
1994,1995,21235,1995,642,1995,656,1995,79
105,106,21235,106,649,106,655,106,82
978,979,21235,979,644,979,654,979,83
988,989,21204,989,1294,989,1296,989,158
874,875,21204,875,648,875,651,875,82
1976,1977,21204,1977,1306,1977,1312,1977,166
777,778,21173,778,643,778,649,778,82
155,156,21173,156,0,156,0,156,0
1570,1571,21173,1571,1300,1571,1304,1571,156
1662,1663,21173,1663,635,1663,651,1663,80
108,109,21173,109,1294,109,1304,109,162
1244,1245,21173,1245,645,1245,653,1245,82
112,113,21173,113,1962,113,1971,113,249
882,883,21142,883,646,883,640,883,81
1792,1793,21142,1793,0,1793,0,1793,0
1488,1489,21142,1489,1304,1489,1308,1489,164
1732,1733,21111,1733,650,1733,652,1733,81
943,944,21111,944,1298,944,1298,944,160
1577,1578,21111,1578,645,1578,656,1578,83
471,472,21088,472,1272,472,1278,472,166
98,99,21080,99,1280,99,1298,99,160
258,259,21018,259,1304,259,1306,259,164
92,93,20956,93,1935,93,1956,93,246
120,121,20956,121,1292,121,1302,121,166
303,304,20925,304,648,304,641,304,80
1534,1535,20863,1535,646,1535,645,1535,83
903,904,20708,904,0,904,0,904,0
1794,1795,20670,1795,1947,1795,1950,1795,249
2019,2020,20610,2020,1306,2020,1302,2020,164
1971,1972,20610,1972,2588,1972,2612,1972,332
1604,1605,20610,1605,648,1605,653,1605,82
1458,1459,20610,1459,0,1459,0,1459,0
354,355,20553,355,640,355,653,355,82
1156,1157,20550,1157,0,1157,0,1157,0
1585,1586,20550,1586,653,1586,651,1586,80
1612,1613,20550,1613,1304,1613,1314,1613,158
1564,1565,20550,1565,0,1565,0,1565,0
1264,1265,20550,1265,653,1265,655,1265,81
1765,1766,20520,1766,648,1766,645,1766,83
1305,1306,20520,1306,1959,1306,1971,1306,249
1029,1030,20520,1030,652,1030,655,1030,83
1281,1282,20512,1282,647,1282,642,1282,82
1801,1802,20490,1802,0,1802,0,1802,0
817,818,20490,818,0,818,0,818,0
1032,1033,20490,1033,1944,1033,1962,1033,246
1800,1801,20460,1801,645,1801,651,1801,83
1035,1036,20460,1036,640,1036,653,1036,81
1481,1482,20460,1482,1294,1482,1300,1482,166
1960,1961,20460,1961,0,1961,0,1961,0
638,639,20430,639,1953,639,1971,639,240
1054,1055,20400,1055,642,1055,645,1055,80
1746,1747,20370,1747,648,1747,655,1747,83
462,463,20310,463,1298,463,1290,463,164
226,227,20310,227,1296,227,1310,227,146
1308,1309,20280,1309,1306,1309,1302,1309,158
479,480,20280,480,651,480,651,480,83
459,460,20190,460,626,460,647,460,82
1347,1348,20130,1348,1296,1348,1296,1348,166
1249,1250,20010,1250,648,1250,655,1250,82
1454,1455,19981,1455,637,1455,653,1455,82
1852,1853,19952,1853,0,1853,0,1853,0
1341,1342,19952,1342,0,1342,0,1342,0
676,677,19950,677,645,677,651,677,83
852,853,19923,853,652,853,655,853,83
605,606,19923,606,0,606,0,606,0
192,193,19923,193,0,193,0,193,0
185,186,19923,186,1950,186,1941,186,240
1877,1878,19894,1878,1953,1878,1956,1878,243
1223,1224,19894,1224,651,1224,653,1224,83
1323,1324,19865,1324,1292,1324,1306,1324,162
540,541,19865,541,0,541,0,541,0
964,965,19865,965,1310,965,1314,965,162
449,450,19836,450,653,450,657,450,83
418,419,19836,419,0,419,0,419,0
1387,1388,19836,1388,0,1388,0,1388,0
294,295,19836,295,1294,295,1310,295,164
1074,1075,19836,1075,646,1075,647,1075,83
1776,1777,19807,1777,1298,1777,1302,1777,166
1196,1197,19807,1197,647,1197,652,1197,82
1615,1616,19807,1616,652,1616,649,1616,83
1584,1585,19778,1585,0,1585,0,1585,0
300,301,19749,301,650,301,657,301,82
987,988,19749,988,646,988,652,988,81
1490,1491,19749,1491,652,1491,654,1491,83
629,630,19720,630,650,630,648,630,82
839,840,19720,840,1306,840,1314,840,166
336,337,19720,337,648,337,655,337,83
143,144,19691,144,1270,144,1308,144,160
196,197,19691,197,648,197,651,197,81
1865,1866,19662,1866,0,1866,0,1866,0
495,496,19633,496,1296,496,1302,496,160
689,690,19633,690,0,690,0,690,0
1038,1039,19604,1039,0,1039,0,1039,0
889,890,19604,890,641,890,647,890,81
525,526,19604,526,1296,526,1310,526,166
1085,1086,19546,1086,648,1086,654,1086,83
829,830,19546,830,1294,830,1300,830,162
1621,1622,19517,1622,1298,1622,1312,1622,164
1758,1759,19459,1759,642,1759,644,1759,64
273,274,19430,274,648,274,653,274,82
301,302,19348,302,654,302,659,302,83
867,868,19320,868,0,868,0,868,0
506,507,19292,507,652,507,653,507,83
632,633,19292,633,650,633,653,633,79
1011,1012,19292,1012,1971,1012,1971,1012,246
1524,1525,19264,1525,0,1525,0,1525,0
891,892,19236,892,1290,892,1306,892,158
1183,1184,19236,1184,1296,1184,1314,1184,166
433,434,19208,434,1282,434,1314,434,162
1715,1716,19180,1716,652,1716,655,1716,82
1434,1435,19180,1435,0,1435,0,1435,0
784,785,19180,785,650,785,658,785,80
118,119,19180,119,0,119,0,119,0
1536,1537,19169,1537,628,1537,643,1537,82
1889,1890,19152,1890,0,1890,0,1890,0
425,426,19152,426,1953,426,1968,426,249
631,632,19124,632,1304,632,1310,632,156
598,599,19124,599,653,599,660,599,78
365,366,19111,366,641,366,646,366,83
63,64,19096,64,0,64,0,64,0
990,991,19096,991,1941,991,1956,991,249
493,494,19068,494,650,494,651,494,82
229,230,19068,230,0,230,0,230,0
999,1000,19068,1000,1292,1000,1300,1000,166
1886,1887,19068,1887,625,1887,647,1887,83
1311,1312,19040,1312,1300,1312,1310,1312,164
606,607,19040,607,0,607,0,607,0
1818,1819,19012,1819,1290,1819,1294,1819,162
568,569,18984,569,1304,569,1302,569,166
2042,2043,18956,2043,648,2043,651,2043,78
749,750,18928,750,0,750,0,750,0
709,710,18844,710,646,710,651,710,82
798,799,18676,799,639,799,644,799,76
915,916,18603,916,1304,916,1298,916,164
1353,1354,18549,1354,653,1354,655,1354,83
154,155,18549,155,1300,155,1294,155,164
1844,1845,18522,1845,649,1845,659,1845,83
558,559,18495,559,1947,559,1959,559,240
1467,1468,18495,1468,0,1468,0,1468,0
1694,1695,18495,1695,1286,1695,1262,1695,166
1639,1640,18468,1640,1300,1640,1308,1640,166
368,369,18468,369,0,369,0,369,0
1386,1387,18441,1387,0,1387,0,1387,0
952,953,18441,953,647,953,648,953,83
1276,1277,18441,1277,1304,1277,1308,1277,162
1187,1188,18414,1188,1302,1188,1300,1188,162
59,60,18387,60,1296,60,1304,60,166
156,157,18387,157,0,157,0,157,0
1545,1546,18387,1546,639,1546,635,1546,78
1674,1675,18306,1675,647,1675,657,1675,78
215,216,18279,216,0,216,0,216,0
1829,1830,18279,1830,1280,1830,1288,1830,164
1760,1761,18225,1761,636,1761,644,1761,79
1573,1574,18225,1574,1304,1574,1308,1574,166
1928,1929,18198,1929,1276,1929,1286,1929,164
1716,1717,18171,1717,648,1717,650,1717,82
349,350,17955,350,1929,350,1941,350,237
1494,1495,17948,1495,645,1495,644,1495,82
733,734,17928,734,650,734,650,734,82
1576,1577,17914,1577,1302,1577,1312,1577,164
30,31,17901,31,0,31,0,31,0
211,212,17888,212,651,212,655,212,82
286,287,17862,287,0,287,0,287,0
77,78,17862,78,653,78,657,78,83
1915,1916,17836,1916,654,1916,649,1916,83
902,903,17810,903,0,903,0,903,0
663,664,17793,664,628,664,643,664,83
1599,1600,17784,1600,651,1600,655,1600,82
341,342,17784,342,648,342,657,342,81
1435,1436,17784,1436,649,1436,658,1436,74
810,811,17758,811,650,811,653,811,83
1726,1727,17758,1727,1282,1727,1310,1727,166
1293,1294,17758,1294,645,1294,650,1294,83
1902,1903,17732,1903,0,1903,0,1903,0
1998,1999,17706,1999,0,1999,0,1999,0
407,408,17706,408,647,408,651,408,82
1909,1910,17706,1910,1920,1910,1953,1910,249
1182,1183,17706,1183,1284,1183,1306,1183,162
257,258,17680,258,650,258,657,258,83
202,203,17654,203,0,203,0,203,0
34,35,17628,35,648,35,654,35,83
384,385,17602,385,0,385,0,385,0
249,250,17576,250,0,250,0,250,0
753,754,17576,754,629,754,648,754,80
1073,1074,17576,1074,0,1074,0,1074,0
390,391,17550,391,644,391,654,391,79
315,316,17524,316,0,316,0,316,0
1091,1092,17446,1092,631,1092,644,1092,81
985,986,17446,986,0,986,0,986,0
899,900,17420,900,1300,900,1306,900,160
1591,1592,17250,1592,656,1592,658,1592,82
1996,1997,17250,1997,651,1997,653,1997,82
1259,1260,17250,1260,649,1260,656,1260,79
1112,1113,17225,1113,653,1113,654,1113,82
1670,1671,17225,1671,654,1671,657,1671,82
1078,1079,17225,1079,0,1079,0,1079,0
783,784,17200,784,0,784,0,784,0
1603,1604,17200,1604,1304,1604,1308,1604,142
973,974,17200,974,0,974,0,974,0
1321,1322,17175,1322,0,1322,0,1322,0
579,580,17175,580,0,580,0,580,0
1923,1924,17175,1924,655,1924,653,1924,81
74,75,17150,75,0,75,0,75,0
1614,1615,17150,1615,1956,1615,1959,1615,249
957,958,17150,958,651,958,653,958,83
650,651,17125,651,0,651,0,651,0
1890,1891,17125,1891,2596,1891,2600,1891,328
2000,2001,17125,2001,655,2001,651,2001,82
90,91,17100,91,655,91,657,91,82
1839,1840,17100,1840,1304,1840,1308,1840,166
36,37,17075,37,1306,37,1296,37,164
1997,1998,17075,1998,641,1998,654,1998,81
1690,1691,17075,1691,652,1691,653,1691,82
1729,1730,17075,1730,0,1730,0,1730,0
675,676,17025,676,652,676,658,676,83
158,159,17025,159,0,159,0,159,0
1472,1473,17025,1473,0,1473,0,1473,0
1627,1628,17025,1628,650,1628,653,1628,78
204,205,17000,205,0,205,0,205,0
1681,1682,16950,1682,2612,1682,2600,1682,328
627,628,16925,628,1959,628,1953,628,249
516,517,16925,517,645,517,656,517,82
1601,1602,16875,1602,1256,1602,1266,1602,166
794,795,16825,795,642,795,649,795,82
1381,1382,16800,1382,1944,1382,1959,1382,246
99,100,16750,100,648,100,655,100,79
278,279,16725,279,0,279,0,279,0
1031,1032,16575,1032,0,1032,0,1032,0
1100,1101,16560,1101,625,1101,648,1101,81
1548,1549,16512,1549,648,1549,649,1549,83
295,296,16512,296,1962,296,1947,296,249
1571,1572,16512,1572,0,1572,0,1572,0
2018,2019,16512,2019,1302,2019,1302,2019,166
287,288,16488,288,646,288,655,288,82
993,994,16464,994,649,994,656,994,82
669,670,16440,670,0,670,0,670,0
1940,1941,16440,1941,633,1941,651,1941,81
686,687,16440,687,650,687,652,687,77
129,130,16416,130,0,130,0,130,0
1912,1913,16416,1913,1304,1913,1302,1913,160
1581,1582,16416,1582,1300,1582,1298,1582,166
207,208,16368,208,1938,208,1950,208,240
1254,1255,16368,1255,650,1255,652,1255,83
285,286,16320,286,651,286,656,286,82
1833,1834,16320,1834,648,1834,656,1834,83
66,67,16296,67,1286,67,1300,67,152
813,814,16248,814,645,814,655,814,80
1104,1105,16248,1105,649,1105,655,1105,82
446,447,16224,447,1938,447,1962,447,213
148,149,16224,149,651,149,657,149,73
592,593,16080,593,0,593,0,593,0
1440,1441,15847,1441,0,1441,0,1441,0
781,782,15824,782,1306,782,1316,782,166
1920,1921,15824,1921,1917,1921,1959,1921,243
1396,1397,15778,1397,648,1397,653,1397,83
1649,1650,15778,1650,651,1650,655,1650,83
562,563,15755,563,0,563,0,563,0
153,154,15755,154,651,154,650,154,80
1060,1061,15732,1061,0,1061,0,1061,0
1712,1713,15732,1713,0,1713,0,1713,0
1525,1526,15709,1526,0,1526,0,1526,0
1810,1811,15686,1811,651,1811,650,1811,79
269,270,15663,270,652,270,658,270,83
708,709,15640,709,1292,709,1308,709,164
1652,1653,15640,1653,643,1653,651,1653,71
239,240,15617,240,653,240,656,240,83
281,282,15594,282,648,282,654,282,82
918,919,15594,919,653,919,655,919,83
164,165,15594,165,642,165,647,165,83
1541,1542,15571,1542,0,1542,0,1542,0
1945,1946,15571,1946,0,1946,0,1946,0
1278,1279,15548,1279,647,1279,656,1279,82
1161,1162,15548,1162,652,1162,655,1162,79
1500,1501,15202,1501,0,1501,0,1501,0
561,562,15180,562,0,562,0,562,0
1076,1077,15158,1077,1300,1077,1312,1077,162
201,202,15136,202,0,202,0,202,0
272,273,15136,273,1959,273,1956,273,246
237,238,15114,238,644,238,652,238,78
1843,1844,15114,1844,654,1844,658,1844,83
1250,1251,15114,1251,645,1251,652,1251,82
2007,2008,15114,2008,0,2008,0,2008,0
904,905,15092,905,651,905,656,905,82
1406,1407,15092,1407,652,1407,653,1407,83
102,103,15092,103,652,103,657,103,82
247,248,15070,248,643,248,650,248,83
710,711,15070,711,655,711,659,711,83
1019,1020,15070,1020,1953,1020,1953,1020,246
1658,1659,15048,1659,649,1659,657,1659,81
1757,1758,15048,1758,0,1758,0,1758,0
1093,1094,15048,1094,648,1094,656,1094,81
383,384,15048,384,1286,384,1300,384,164
1809,1810,15048,1810,1308,1810,1312,1810,166
962,963,15026,963,651,963,652,963,81
684,685,15026,685,1300,685,1306,685,166
1004,1005,15026,1005,656,1005,654,1005,83
2031,2032,15026,2032,0,2032,0,2032,0
55,56,14982,56,0,56,0,56,0
1678,1679,14982,1679,0,1679,0,1679,0
1137,1138,14982,1138,0,1138,0,1138,0
1698,1699,14960,1699,0,1699,0,1699,0
1267,1268,14894,1268,647,1268,652,1268,83
1739,1740,14894,1740,645,1740,653,1740,78
1507,1508,14894,1508,0,1508,0,1508,0
1081,1082,14850,1082,646,1082,642,1082,82
1164,1165,14490,1165,640,1165,649,1165,72
373,374,14469,374,652,374,659,374,82
529,530,14469,530,0,530,0,530,0
450,451,14469,451,1310,451,1316,451,166
1683,1684,14469,1684,0,1684,0,1684,0
1624,1625,14448,1625,1938,1625,1953,1625,243
618,619,14448,619,1953,619,1977,619,246
193,194,14427,194,0,194,0,194,0
883,884,14427,884,0,884,0,884,0
271,272,14427,272,0,272,0,272,0
706,707,14427,707,644,707,643,707,80
461,462,14427,462,635,462,656,462,83
1420,1421,14385,1421,1302,1421,1298,1421,164
1320,1321,14385,1321,0,1321,0,1321,0
1401,1402,14385,1402,647,1402,656,1402,81
1376,1377,14385,1377,1298,1377,1308,1377,164
920,921,14385,921,0,921,0,921,0
639,640,14364,640,650,640,655,640,83
1932,1933,14364,1933,649,1933,651,1933,81
167,168,14364,168,1308,168,1306,168,160
872,873,14343,873,1304,873,1310,873,166
1822,1823,14322,1823,639,1823,658,1823,82
1331,1332,14301,1332,1298,1332,1306,1332,164
1489,1490,14280,1490,0,1490,0,1490,0
1942,1943,14259,1943,0,1943,0,1943,0
1901,1902,14238,1902,650,1902,659,1902,71
1625,1626,14196,1626,633,1626,647,1626,75
1953,1954,14175,1954,1306,1954,1308,1954,156
93,94,14154,94,651,94,654,94,79
397,398,13840,398,1282,398,1322,398,166
170,171,13839,171,639,171,653,171,68
130,131,13820,131,657,131,659,131,82
1424,1425,13780,1425,0,1425,0,1425,0
1433,1434,13740,1434,1304,1434,1312,1434,160
1414,1415,13740,1415,1290,1415,1304,1415,164
346,347,13720,347,0,347,0,347,0
737,738,13720,738,656,738,656,738,83
1967,1968,13720,1968,1308,1968,1310,1968,162
451,452,13700,452,655,452,655,452,78
280,281,13700,281,652,281,655,281,78
657,658,13680,658,654,658,659,658,83
1094,1095,13660,1095,0,1095,0,1095,0
1155,1156,13640,1156,1300,1156,1312,1156,144
664,665,13620,665,1304,665,1314,665,166
1807,1808,13620,1808,649,1808,652,1808,81
1120,1121,13620,1121,650,1121,648,1121,81
1607,1608,13600,1608,651,1608,655,1608,83
1806,1807,13600,1807,651,1807,654,1807,81
1907,1908,13580,1908,0,1908,0,1908,0
381,382,13560,382,0,382,0,382,0
1964,1965,13480,1965,649,1965,659,1965,82
1547,1548,13440,1548,1956,1548,1956,1548,246
847,848,13300,848,0,848,0,848,0
183,184,13110,184,0,184,0,184,0
1598,1599,13091,1599,0,1599,0,1599,0
666,667,13091,667,0,667,0,667,0
701,702,13072,702,648,702,655,702,82
1891,1892,13072,1892,0,1892,0,1892,0
292,293,13053,293,0,293,0,293,0
1721,1722,13053,1722,0,1722,0,1722,0
1799,1800,13053,1800,649,1800,659,1800,81
1508,1509,13034,1509,649,1509,649,1509,71
563,564,13015,564,1314,564,1320,564,166
1310,1311,13015,1311,652,1311,658,1311,80
198,199,12996,199,631,199,646,199,83
1991,1992,12996,1992,0,1992,0,1992,0
1557,1558,12977,1558,648,1558,656,1558,82
190,191,12977,191,1962,191,1965,191,249
524,525,12977,525,2604,525,2608,525,332
327,328,12977,328,637,328,651,328,83
88,89,12958,89,0,89,0,89,0
1088,1089,12940,1089,620,1089,640,1089,80
1063,1064,12939,1064,633,1064,653,1064,82
768,769,12939,769,0,769,0,769,0
1985,1986,12939,1986,0,1986,0,1986,0
1474,1475,12920,1475,656,1475,660,1475,83
844,845,12882,845,0,845,0,845,0
649,650,12863,650,653,650,656,650,78
1194,1195,12844,1195,0,1195,0,1195,0
195,196,12825,196,648,196,656,196,79
429,430,12749,430,0,430,0,430,0
1647,1648,12438,1648,658,1648,657,1648,83
1261,1262,12384,1262,651,1262,654,1262,83
866,867,12384,867,0,867,0,867,0
716,717,12366,717,655,717,645,717,83
1654,1655,12366,1655,652,1655,660,1655,83
1483,1484,12366,1484,649,1484,649,1484,82
49,50,12366,50,0,50,0,50,0
1446,1447,12366,1447,1310,1447,1314,1447,166
1139,1140,12348,1140,0,1140,0,1140,0
1990,1991,12330,1991,636,1991,655,1991,80
996,997,12312,997,650,997,650,997,73
208,209,12312,209,652,209,650,209,83
1242,1243,12294,1243,652,1243,657,1243,82
750,751,12294,751,1308,751,1310,751,166
1171,1172,12294,1172,649,1172,651,1172,82
1867,1868,12294,1868,0,1868,0,1868,0
1141,1142,12258,1142,653,1142,659,1142,82
1466,1467,12258,1467,1296,1467,1288,1467,164
1572,1573,12258,1573,647,1573,654,1573,82
630,631,12258,631,651,631,653,631,83
144,145,12222,145,0,145,0,145,0
1448,1449,12186,1449,653,1449,655,1449,82
209,210,12150,210,650,210,655,210,80
1688,1689,12114,1689,646,1689,652,1689,80
1520,1521,11764,1521,0,1521,0,1521,0
972,973,11730,973,653,973,654,973,82
1209,1210,11713,1210,0,1210,0,1210,0
162,163,11696,163,0,163,0,163,0
1143,1144,11696,1144,653,1144,654,1144,83
1229,1230,11696,1230,1306,1230,1314,1230,166
1505,1506,11679,1506,654,1506,658,1506,83
1075,1076,11679,1076,0,1076,0,1076,0
391,392,11679,392,653,392,653,392,83
191,192,11679,192,1308,192,1308,192,164
522,523,11662,523,0,523,0,523,0
1096,1097,11645,1097,0,1097,0,1097,0
607,608,11645,608,0,608,0,608,0
1929,1930,11645,1930,0,1930,0,1930,0
1558,1559,11611,1559,2608,1559,2620,1559,316
1772,1773,11594,1773,648,1773,661,1773,83
1319,1320,11594,1320,0,1320,0,1320,0
1247,1248,11594,1248,0,1248,0,1248,0
94,95,11577,95,650,95,656,95,80
355,356,11560,356,0,356,0,356,0
1682,1683,11543,1683,0,1683,0,1683,0
1578,1579,11543,1579,1260,1579,1296,1579,166
324,325,11475,325,650,325,646,325,81
1879,1880,11424,1880,1938,1880,1968,1880,237
1241,1242,11356,1242,0,1242,0,1242,0
305,306,11040,306,0,306,0,306,0
1315,1316,11008,1316,0,1316,0,1316,0
423,424,11008,424,1310,424,1312,424,166
489,490,11008,490,653,490,656,490,74
1027,1028,10992,1028,0,1028,0,1028,0
1417,1418,10992,1418,1310,1418,1314,1418,162
1582,1583,10992,1583,653,1583,658,1583,79
455,456,10976,456,1308,456,1314,456,166
1365,1366,10976,1366,0,1366,0,1366,0
687,688,10976,688,650,688,651,688,78
1061,1062,10960,1062,653,1062,655,1062,81
504,505,10944,505,655,505,660,505,80
577,578,10944,578,655,578,662,578,83
1286,1287,10928,1287,656,1287,659,1287,82
910,911,10928,911,0,911,0,911,0
673,674,10928,674,650,674,655,674,83
1447,1448,10896,1448,0,1448,0,1448,0
818,819,10848,819,0,819,0,819,0
871,872,10832,872,652,872,656,872,79
1192,1193,10784,1193,646,1193,646,1193,77
1963,1964,10688,1964,0,1964,0,1964,0
469,470,10365,470,1310,470,1316,470,166
137,138,10350,138,1298,138,1296,138,166
372,373,10335,373,648,373,654,373,83
178,179,10320,179,0,179,0,179,0
895,896,10320,896,655,896,656,896,83
1238,1239,10320,1239,0,1239,0,1239,0
930,931,10320,931,0,931,0,931,0
859,860,10305,860,1306,860,1318,860,164
879,880,10290,880,0,880,0,880,0
54,55,10290,55,0,55,0,55,0
217,218,10290,218,652,218,656,218,82
1816,1817,10275,1817,0,1817,0,1817,0
653,654,10260,654,652,654,657,654,81
491,492,10245,492,0,492,0,492,0
2023,2024,10245,2024,0,2024,0,2024,0
835,836,10245,836,1929,836,1944,836,243
775,776,10230,776,0,776,0,776,0
517,518,10230,518,0,518,0,518,0
1495,1496,10230,1496,0,1496,0,1496,0
212,213,10185,213,0,213,0,213,0
235,236,10170,236,0,236,0,236,0
1173,1174,10125,1174,646,1174,653,1174,77
614,615,10125,615,626,615,648,615,83
617,618,10035,618,0,618,0,618,0
1999,2000,9688,2000,1944,2000,1971,2000,249
505,506,9646,506,0,506,0,506,0
1873,1874,9646,1874,0,1874,0,1874,0
351,352,9618,352,0,352,0,352,0
633,634,9618,634,651,634,654,634,83
175,176,9590,176,646,176,660,176,80
1371,1372,9576,1372,637,1372,658,1372,82
481,482,9576,482,0,482,0,482,0
559,560,9576,560,0,560,0,560,0
1445,1446,9562,1446,0,1446,0,1446,0
48,49,9548,49,0,49,0,49,0
169,170,9534,170,0,170,0,170,0
1918,1919,9534,1919,0,1919,0,1919,0
596,597,9534,597,0,597,0,597,0
1826,1827,9478,1827,0,1827,0,1827,0
1650,1651,9009,1651,0,1651,0,1651,0
934,935,8983,935,656,935,659,935,83
1188,1189,8970,1189,0,1189,0,1189,0
599,600,8970,600,0,600,0,600,0
369,370,8970,370,0,370,0,370,0
1039,1040,8970,1040,0,1040,0,1040,0
1291,1292,8944,1292,652,1292,653,1292,80
2030,2031,8931,2031,1302,2031,1306,2031,166
1114,1115,8931,1115,0,1115,0,1115,0
64,65,8918,65,0,65,0,65,0
1733,1734,8905,1734,0,1734,0,1734,0
1884,1885,8892,1885,0,1885,0,1885,0
1443,1444,8892,1444,650,1444,651,1444,83
1118,1119,8840,1119,0,1119,0,1119,0
656,657,8827,657,652,657,657,657,83
1163,1164,8292,1164,0,1164,0,1164,0
1770,1771,8292,1771,0,1771,0,1771,0
1749,1750,8292,1750,651,1750,654,1750,79
616,617,8280,617,656,617,661,617,80
555,556,8280,556,0,556,0,556,0
1092,1093,8268,1093,0,1093,0,1093,0
40,41,8268,41,657,41,659,41,83
107,108,8244,108,649,108,656,108,81
1965,1966,8244,1966,650,1966,657,1966,83
1239,1240,8244,1240,0,1240,0,1240,0
1936,1937,8232,1937,0,1937,0,1937,0
1632,1633,8220,1633,0,1633,0,1633,0
1418,1419,8208,1419,1310,1419,1316,1419,166
553,554,8196,554,0,554,0,554,0
588,589,8196,589,0,589,0,589,0
1854,1855,8184,1855,652,1855,658,1855,83
624,625,8112,625,0,625,0,625,0
1279,1280,7601,1280,0,1280,0,1280,0
41,42,7590,42,649,42,657,42,83
1361,1362,7546,1362,1300,1362,1304,1362,166
438,439,7546,439,0,439,0,439,0
1262,1263,7546,1263,0,1263,0,1263,0
797,798,7447,798,646,798,656,798,83
283,284,6910,284,0,284,0,284,0
940,941,6890,941,1304,941,1316,941,164
521,522,6880,522,0,522,0,522,0
27,28,6840,28,0,28,0,28,0
837,838,6840,838,0,838,0,838,0
755,756,6840,756,0,756,0,756,0
210,211,6840,211,0,211,0,211,0
1838,1839,6830,1839,654,1839,656,1839,83
958,959,6830,959,654,959,657,959,83
970,971,6770,971,0,971,0,971,0
1626,1627,6210,1627,654,1627,659,1627,83
959,960,6210,960,657,960,657,960,83
832,833,6210,833,1308,833,1316,833,160
1224,1225,6201,1225,0,1225,0,1225,0
1622,1623,6192,1623,0,1623,0,1623,0
1397,1398,6165,1398,0,1398,0,1398,0
520,521,6129,521,652,521,658,521,83
95,96,6120,96,649,96,654,96,82
385,386,5528,386,0,386,0,386,0
814,815,5512,815,0,815,0,815,0
1747,1748,5496,1748,0,1748,0,1748,0
658,659,5488,659,0,659,0,659,0
1659,1660,5480,1660,0,1660,0,1660,0
581,582,5480,582,0,582,0,582,0
1380,1381,5376,1381,647,1381,659,1381,83
1124,1125,4837,1125,0,1125,0,1125,0
58,59,4823,59,649,59,656,59,83
1676,1677,4816,1677,655,1677,660,1677,83
326,327,4809,327,641,327,662,327,82
157,158,4802,158,0,158,0,158,0
929,930,4788,930,1310,930,1318,930,166
1858,1859,4774,1859,0,1859,0,1859,0
980,981,4774,981,652,981,661,981,83
352,353,4122,353,0,353,0,353,0
288,289,4110,289,0,289,0,289,0
1872,1873,3435,1873,0,1873,0,1873,0
1897,1898,3435,1898,0,1898,0,1898,0
1422,1423,3430,1423,0,1423,0,1423,0
1117,1118,3425,1118,0,1118,0,1118,0
1743,1744,3365,1744,0,1744,0,1744,0
537,538,2764,538,0,538,0,538,0
1979,1980,2720,1980,0,1980,0,1980,0
72,73,2079,73,0,73,0,73,0
1609,1610,2040,1610,1292,1610,1314,1610,166
1819,1820,1368,1820,656,1820,654,1820,82
1148,1149,691,1149,0,1149,0,1149,0
1430,1431,691,1431,0,1431,0,1431,0
2047,Molecule_ID,0,,,,,,
